tool,db,tool_db,data_type,project,technology,sample,taxid_raw,taxid,name_raw,name,rank,value,value_type,abundance_raw,clade_reads,direct_reads,norm_abund,classified_fraction
Sourmash,unified,Sourmash_unified,ZymoMockD6331,ZymoMockD6331,ont,D6331_Qiagen,0,287,Pseudomonas aeruginosa,Pseudomonas aeruginosa,species,0.010268683773705743,abund,0.01,127000,127000,0.012321794853412931,0.8333756482612992
Sourmash,unified,Sourmash_unified,ZymoMockD6331,ZymoMockD6331,ont,D6331_Qiagen,0,562,Escherichia coli,Escherichia coli,species,17.92014687756045,abund,17.92,221631000,221631000,21.503084371313083,0.8333756482612992
Sourmash,unified,Sourmash_unified,ZymoMockD6331,ZymoMockD6331,ont,D6331_Qiagen,0,573,Klebsiella pneumoniae,Klebsiella pneumoniae,species,0.11335971954371399,abund,0.11,1401999,1401999,0.13602475639913444,0.8333756482612992
Sourmash,unified,Sourmash_unified,ZymoMockD6331,ZymoMockD6331,ont,D6331_Qiagen,0,817,Bacteroides fragilis,Bacteroides fragilis,species,20.269654067295427,abund,20.27,250689000,250689000,24.322349842576653,0.8333756482612992
Sourmash,unified,Sourmash_unified,ZymoMockD6331,ZymoMockD6331,ont,D6331_Qiagen,0,818,Bacteroides thetaiotaomicron,Bacteroides thetaiotaomicron,species,0.00574076021994573,abund,0.01,71000,71000,0.006888562477104867,0.8333756482612992
Sourmash,unified,Sourmash_unified,ZymoMockD6331,ZymoMockD6331,ont,D6331_Qiagen,0,820,Bacteroides uniformis,Bacteroides uniformis,species,0.024903498689902326,abund,0.02,307999,307999,0.029882681047687643,0.8333756482612992
Sourmash,unified,Sourmash_unified,ZymoMockD6331,ZymoMockD6331,ont,D6331_Qiagen,0,821,Phocaeicola vulgatus,Phocaeicola vulgatus,species,0.014796607327465756,abund,0.01,183000,183000,0.017755027229721,0.8333756482612992
Sourmash,unified,Sourmash_unified,ZymoMockD6331,ZymoMockD6331,ont,D6331_Qiagen,0,823,Parabacteroides distasonis,Parabacteroides distasonis,species,0.015120030438448614,abund,0.02,187000,187000,0.018143115256600145,0.8333756482612992
Sourmash,unified,Sourmash_unified,ZymoMockD6331,ZymoMockD6331,ont,D6331_Qiagen,0,851,Fusobacterium nucleatum,Fusobacterium nucleatum,species,4.033490472844968,abund,4.03,49885000,49885000,4.839942805216568,0.8333756482612992
Sourmash,unified,Sourmash_unified,ZymoMockD6331,ZymoMockD6331,ont,D6331_Qiagen,0,853,Faecalibacterium prausnitzii,Faecalibacterium prausnitzii,species,6.725907015999516,abund,6.73,83184000,83184000,8.07067860697875,0.8333756482612992
Sourmash,unified,Sourmash_unified,ZymoMockD6331,ZymoMockD6331,ont,D6331_Qiagen,0,1352,Enterococcus faecium,Enterococcus faecium,species,0.004608779331505727,abund,0.0,57000,57000,0.005530254383027852,0.8333756482612992
Sourmash,unified,Sourmash_unified,ZymoMockD6331,ZymoMockD6331,ont,D6331_Qiagen,0,1496,Clostridioides difficile,Clostridioides difficile,species,1.7014481311030702,abund,1.7,21043000,21043000,2.041634087404475,0.8333756482612992
Sourmash,unified,Sourmash_unified,ZymoMockD6331,ZymoMockD6331,ont,D6331_Qiagen,0,1613,Limosilactobacillus fermentum,Limosilactobacillus fermentum,species,1.2853642988236236,abund,1.29,15897000,15897000,1.542358840824452,0.8333756482612992
Sourmash,unified,Sourmash_unified,ZymoMockD6331,ZymoMockD6331,ont,D6331_Qiagen,0,1680,Bifidobacterium adolescentis,Bifidobacterium adolescentis,species,0.13292689861395465,abund,0.13,1644000,1644000,0.1595041790473296,0.8333756482612992
Sourmash,unified,Sourmash_unified,ZymoMockD6331,ZymoMockD6331,ont,D6331_Qiagen,0,2173,Methanobrevibacter smithii,Methanobrevibacter smithii,species,0.044794100871125835,abund,0.04,554000,554000,0.05375019172276192,0.8333756482612992
Sourmash,unified,Sourmash_unified,ZymoMockD6331,ZymoMockD6331,ont,D6331_Qiagen,0,4932,Saccharomyces cerevisiae,Saccharomyces cerevisiae,species,0.27005829767068645,abund,0.27,3340000,3340000,0.32405350244408815,0.8333756482612992
Sourmash,unified,Sourmash_unified,ZymoMockD6331,ZymoMockD6331,ont,D6331_Qiagen,0,5476,Candida albicans,Candida albicans,species,0.3052305609900723,abund,0.31,3775000,3775000,0.36625807536719546,0.8333756482612992
Sourmash,unified,Sourmash_unified,ZymoMockD6331,ZymoMockD6331,ont,D6331_Qiagen,0,28116,Bacteroides ovatus,Bacteroides ovatus,species,0.03112947443210009,abund,0.03,385000,385000,0.03735347258711795,0.8333756482612992
Sourmash,unified,Sourmash_unified,ZymoMockD6331,ZymoMockD6331,ont,D6331_Qiagen,0,28128,Prevotella corporis,Prevotella corporis,species,8.56990388326828,abund,8.57,105990000,105990000,10.283362492230209,0.8333756482612992
Sourmash,unified,Sourmash_unified,ZymoMockD6331,ZymoMockD6331,ont,D6331_Qiagen,0,28901,Salmonella enterica,Salmonella enterica,species,0.030886907098862944,abund,0.03,382000,382000,0.03706240656695858,0.8333756482612992
Sourmash,unified,Sourmash_unified,ZymoMockD6331,ZymoMockD6331,ont,D6331_Qiagen,0,29466,Veillonella parvula,Veillonella parvula,species,0.004447067776014298,abund,0.0,55000,55000,0.005336210369588278,0.8333756482612992
Sourmash,unified,Sourmash_unified,ZymoMockD6331,ZymoMockD6331,ont,D6331_Qiagen,0,33038,Mediterraneibacter gnavus,Mediterraneibacter gnavus,species,0.011238953106654317,abund,0.01,139000,139000,0.013486058934050376,0.8333756482612992
Sourmash,unified,Sourmash_unified,ZymoMockD6331,ZymoMockD6331,ont,D6331_Qiagen,0,46503,Parabacteroides merdae,Parabacteroides merdae,species,0.00808557777457145,abund,0.01,100000,100000,0.009702200671978687,0.8333756482612992
Sourmash,unified,Sourmash_unified,ZymoMockD6331,ZymoMockD6331,ont,D6331_Qiagen,0,46506,Bacteroides stercoris,Bacteroides stercoris,species,0.03112947443210009,abund,0.03,385000,385000,0.03735347258711795,0.8333756482612992
Sourmash,unified,Sourmash_unified,ZymoMockD6331,ZymoMockD6331,ont,D6331_Qiagen,0,96241,Bacillus spizizenii,Bacillus spizizenii,species,0.008813279774282881,abund,0.01,109000,109000,0.010575398732456767,0.8333756482612992
Sourmash,unified,Sourmash_unified,ZymoMockD6331,ZymoMockD6331,ont,D6331_Qiagen,0,133448,Citrobacter youngae,Citrobacter youngae,species,0.004042788887285725,abund,0.0,50000,50000,0.004851100335989344,0.8333756482612992
Sourmash,unified,Sourmash_unified,ZymoMockD6331,ZymoMockD6331,ont,D6331_Qiagen,0,214856,Alistipes finegoldii,Alistipes finegoldii,species,0.0051747697757257285,abund,0.01,64000,64000,0.006209408430066359,0.8333756482612992
Sourmash,unified,Sourmash_unified,ZymoMockD6331,ZymoMockD6331,ont,D6331_Qiagen,0,216816,Bifidobacterium longum,Bifidobacterium longum,species,0.013907193772262896,abund,0.01,172000,172000,0.016687785155803343,0.8333756482612992
Sourmash,unified,Sourmash_unified,ZymoMockD6331,ZymoMockD6331,ont,D6331_Qiagen,0,239935,Akkermansia muciniphila,Akkermansia muciniphila,species,1.8101182963933107,abund,1.81,22387000,22387000,2.1720316644358686,0.8333756482612992
Sourmash,unified,Sourmash_unified,ZymoMockD6331,ZymoMockD6331,ont,D6331_Qiagen,0,301301,Roseburia hominis,Roseburia hominis,species,1.435917756986144,abund,1.44,17759000,17759000,1.7230138173366951,0.8333756482612992
Sourmash,unified,Sourmash_unified,ZymoMockD6331,ZymoMockD6331,ont,D6331_Qiagen,0,371601,Bacteroides xylanisolvens,Bacteroides xylanisolvens,species,0.009379270218502883,abund,0.01,116000,116000,0.011254552779495277,0.8333756482612992
Sourmash,unified,Sourmash_unified,ZymoMockD6331,ZymoMockD6331,ont,D6331_Qiagen,0,395631,Phytobacter diazotrophicus,Phytobacter diazotrophicus,species,0.008328145107808594,abund,0.01,103000,103000,0.009993266692138047,0.8333756482612992
Sourmash,unified,Sourmash_unified,ZymoMockD6331,ZymoMockD6331,ont,D6331_Qiagen,0,423477,Veillonella rogosae,Veillonella rogosae,species,18.285129858304607,abund,18.29,226145000,226145000,21.941041709646203,0.8333756482612992
Sourmash,unified,Sourmash_unified,ZymoMockD6331,ZymoMockD6331,ont,D6331_Qiagen,0,674529,Bacteroides faecis,Bacteroides faecis,species,0.16154984393593758,abund,0.16,1998000,1998000,0.19384996942613414,0.8333756482612992
Sourmash,unified,Sourmash_unified,ZymoMockD6331,ZymoMockD6331,ont,D6331_Qiagen,0,1297617,Intestinimonas butyriciproducens,Intestinimonas butyriciproducens,species,0.004689635109251441,abund,0.0,58000,58000,0.005627276389747638,0.8333756482612992
Sourmash,unified,Sourmash_unified,ZymoMockD6331,ZymoMockD6331,ont,D6331_Qiagen,0,2742625,Citrobacter sp. RHB35-C17,Citrobacter sp. RHB35-C17,species,0.006791885330640018,abund,0.01,84000,84000,0.008149848564462096,0.8333756482612992
Sourmash,unified,Sourmash_unified,ZymoMockD6331,ZymoMockD6331,ont,D6331_Qiagen,0,3037987,Akkermansia sp. BCRC 18949,Akkermansia sp. BCRC 18949,species,0.005417337108962872,abund,0.01,67000,67000,0.0065004744502257196,0.8333756482612992
Sourmash,unified,Sourmash_unified,ZymoMockD6331,ZymoMockD6331,ont,D6331_Qiagen,0,3073865,Enterobacter cloacae complex sp. EB5,Enterobacter cloacae complex sp. EB5,species,0.013664626439025752,abund,0.01,169000,169000,0.016396719135643983,0.8333756482612992
Sourmash,unified,Sourmash_unified,ZymoMockD6331,ZymoMockD6331,ont,D6331_Qiagen,0,286,Pseudomonas,Pseudomonas,genus,0.010268683773705743,abund,0.01,127000,0,0.012321794853412931,0.8333756482612992
Sourmash,unified,Sourmash_unified,ZymoMockD6331,ZymoMockD6331,ont,D6331_Qiagen,0,544,Citrobacter,Citrobacter,genus,0.010834674217925744,abund,0.01,134000,0,0.013000948900451439,0.8333756482612992
Sourmash,unified,Sourmash_unified,ZymoMockD6331,ZymoMockD6331,ont,D6331_Qiagen,0,547,Enterobacter,Enterobacter,genus,0.013664626439025752,abund,0.01,169000,0,0.016396719135643983,0.8333756482612992
Sourmash,unified,Sourmash_unified,ZymoMockD6331,ZymoMockD6331,ont,D6331_Qiagen,0,561,Escherichia,Escherichia,genus,17.92014687756045,abund,17.92,221631000,0,21.503084371313083,0.8333756482612992
Sourmash,unified,Sourmash_unified,ZymoMockD6331,ZymoMockD6331,ont,D6331_Qiagen,0,570,Klebsiella,Klebsiella,genus,0.11335971954371399,abund,0.11,1401999,0,0.13602475639913444,0.8333756482612992
Sourmash,unified,Sourmash_unified,ZymoMockD6331,ZymoMockD6331,ont,D6331_Qiagen,0,590,Salmonella,Salmonella,genus,0.030886907098862944,abund,0.03,382000,0,0.03706240656695858,0.8333756482612992
Sourmash,unified,Sourmash_unified,ZymoMockD6331,ZymoMockD6331,ont,D6331_Qiagen,0,816,Bacteroides,Bacteroides,genus,20.53348647007969,abund,20.53,253952000,0,24.638932650503317,0.8333756482612992
Sourmash,unified,Sourmash_unified,ZymoMockD6331,ZymoMockD6331,ont,D6331_Qiagen,0,838,Prevotella,Prevotella,genus,8.56990388326828,abund,8.57,105990000,0,10.283362492230209,0.8333756482612992
Sourmash,unified,Sourmash_unified,ZymoMockD6331,ZymoMockD6331,ont,D6331_Qiagen,0,841,Roseburia,Roseburia,genus,1.435917756986144,abund,1.44,17759000,0,1.7230138173366951,0.8333756482612992
Sourmash,unified,Sourmash_unified,ZymoMockD6331,ZymoMockD6331,ont,D6331_Qiagen,0,848,Fusobacterium,Fusobacterium,genus,4.033490472844968,abund,4.03,49885000,0,4.839942805216568,0.8333756482612992
Sourmash,unified,Sourmash_unified,ZymoMockD6331,ZymoMockD6331,ont,D6331_Qiagen,0,1350,Enterococcus,Enterococcus,genus,0.004608779331505727,abund,0.0,57000,0,0.005530254383027852,0.8333756482612992
Sourmash,unified,Sourmash_unified,ZymoMockD6331,ZymoMockD6331,ont,D6331_Qiagen,0,1386,Bacillus,Bacillus,genus,0.008813279774282881,abund,0.01,109000,0,0.010575398732456767,0.8333756482612992
Sourmash,unified,Sourmash_unified,ZymoMockD6331,ZymoMockD6331,ont,D6331_Qiagen,0,1678,Bifidobacterium,Bifidobacterium,genus,0.14683409238621753,abund,0.15,1816000,0,0.17619196420313293,0.8333756482612992
Sourmash,unified,Sourmash_unified,ZymoMockD6331,ZymoMockD6331,ont,D6331_Qiagen,0,2172,Methanobrevibacter,Methanobrevibacter,genus,0.044794100871125835,abund,0.04,554000,0,0.05375019172276192,0.8333756482612992
Sourmash,unified,Sourmash_unified,ZymoMockD6331,ZymoMockD6331,ont,D6331_Qiagen,0,4930,Saccharomyces,Saccharomyces,genus,0.27005829767068645,abund,0.27,3340000,0,0.32405350244408815,0.8333756482612992
Sourmash,unified,Sourmash_unified,ZymoMockD6331,ZymoMockD6331,ont,D6331_Qiagen,0,5475,Candida,Candida,genus,0.3052305609900723,abund,0.31,3775000,0,0.36625807536719546,0.8333756482612992
Sourmash,unified,Sourmash_unified,ZymoMockD6331,ZymoMockD6331,ont,D6331_Qiagen,0,29465,Veillonella,Veillonella,genus,18.289576926080624,abund,18.29,226200000,0,21.94637792001579,0.8333756482612992
Sourmash,unified,Sourmash_unified,ZymoMockD6331,ZymoMockD6331,ont,D6331_Qiagen,0,216851,Faecalibacterium,Faecalibacterium,genus,6.725907015999516,abund,6.73,83184000,0,8.07067860697875,0.8333756482612992
Sourmash,unified,Sourmash_unified,ZymoMockD6331,ZymoMockD6331,ont,D6331_Qiagen,0,239759,Alistipes,Alistipes,genus,0.0051747697757257285,abund,0.01,64000,0,0.006209408430066359,0.8333756482612992
Sourmash,unified,Sourmash_unified,ZymoMockD6331,ZymoMockD6331,ont,D6331_Qiagen,0,239934,Akkermansia,Akkermansia,genus,1.815535552646496,abund,1.82,22453999,0,2.178532041864088,0.8333756482612992
Sourmash,unified,Sourmash_unified,ZymoMockD6331,ZymoMockD6331,ont,D6331_Qiagen,0,375288,Parabacteroides,Parabacteroides,genus,0.023205608213020062,abund,0.02,287000,0,0.02784531592857883,0.8333756482612992
Sourmash,unified,Sourmash_unified,ZymoMockD6331,ZymoMockD6331,ont,D6331_Qiagen,0,447792,Phytobacter,Phytobacter,genus,0.008328145107808594,abund,0.01,103000,0,0.009993266692138047,0.8333756482612992
Sourmash,unified,Sourmash_unified,ZymoMockD6331,ZymoMockD6331,ont,D6331_Qiagen,0,909656,Phocaeicola,Phocaeicola,genus,0.014796607327465756,abund,0.01,183000,0,0.017755027229721,0.8333756482612992
Sourmash,unified,Sourmash_unified,ZymoMockD6331,ZymoMockD6331,ont,D6331_Qiagen,0,1392389,Intestinimonas,Intestinimonas,genus,0.004689635109251441,abund,0.0,58000,0,0.005627276389747638,0.8333756482612992
Sourmash,unified,Sourmash_unified,ZymoMockD6331,ZymoMockD6331,ont,D6331_Qiagen,0,1870884,Clostridioides,Clostridioides,genus,1.7014481311030702,abund,1.7,21043000,0,2.041634087404475,0.8333756482612992
Sourmash,unified,Sourmash_unified,ZymoMockD6331,ZymoMockD6331,ont,D6331_Qiagen,0,2316020,Mediterraneibacter,Mediterraneibacter,genus,0.011238953106654317,abund,0.01,139000,0,0.013486058934050376,0.8333756482612992
Sourmash,unified,Sourmash_unified,ZymoMockD6331,ZymoMockD6331,ont,D6331_Qiagen,0,2742598,Limosilactobacillus,Limosilactobacillus,genus,1.2853642988236236,abund,1.29,15897000,0,1.542358840824452,0.8333756482612992
