taxid_raw	taxid	name_raw	name	rank	value	value_type	tax_abund_raw	seq_abund_raw	sample_id	sample_id_core	assay	tool	db_mode	tool_db
194	194	Campylobacter	Campylobacter	genus	0.0064	abund	0.0064	0.0032	DYN_0004_D10.fastq	DYN_0004_D10	illumina	sylph	unified	sylph_unified
286	286	Pseudomonas	Pseudomonas	genus	0.0060999999999999	abund	0.0060999999999999	0.0103	DYN_0004_D10.fastq	DYN_0004_D10	illumina	sylph	unified	sylph_unified
544	544	Citrobacter	Citrobacter	genus	0.0139	abund	0.0139	0.0207	DYN_0004_D10.fastq	DYN_0004_D10	illumina	sylph	unified	sylph_unified
547	547	Enterobacter	Enterobacter	genus	0.018	abund	0.018	0.0254	DYN_0004_D10.fastq	DYN_0004_D10	illumina	sylph	unified	sylph_unified
561	561	Escherichia	Escherichia	genus	0.256	abund	0.256	0.3941	DYN_0004_D10.fastq	DYN_0004_D10	illumina	sylph	unified	sylph_unified
570	570	Klebsiella	Klebsiella	genus	0.0094	abund	0.0094	0.0145	DYN_0004_D10.fastq	DYN_0004_D10	illumina	sylph	unified	sylph_unified
816	816	Bacteroides	Bacteroides	genus	17.5959	abund	17.5959	26.9625	DYN_0004_D10.fastq	DYN_0004_D10	illumina	sylph	unified	sylph_unified
838	838	Prevotella	Prevotella	genus	0.0132	abund	0.0132	0.0114	DYN_0004_D10.fastq	DYN_0004_D10	illumina	sylph	unified	sylph_unified
841	841	Roseburia	Roseburia	genus	0.3959	abund	0.3959	0.4547	DYN_0004_D10.fastq	DYN_0004_D10	illumina	sylph	unified	sylph_unified
846	846	Oxalobacter	Oxalobacter	genus	0.0941	abund	0.0941	0.068	DYN_0004_D10.fastq	DYN_0004_D10	illumina	sylph	unified	sylph_unified
872	872	Desulfovibrio	Desulfovibrio	genus	8.0704	abund	8.0704	8.781699999999999	DYN_0004_D10.fastq	DYN_0004_D10	illumina	sylph	unified	sylph_unified
1263	1263	Ruminococcus	Ruminococcus	genus	0.0143	abund	0.0143	0.0113	DYN_0004_D10.fastq	DYN_0004_D10	illumina	sylph	unified	sylph_unified
1301	1301	Streptococcus	Streptococcus	genus	0.0992	abund	0.0992	0.0591	DYN_0004_D10.fastq	DYN_0004_D10	illumina	sylph	unified	sylph_unified
1485	1485	Clostridium	Clostridium	genus	0.0073	abund	0.0073	0.0093	DYN_0004_D10.fastq	DYN_0004_D10	illumina	sylph	unified	sylph_unified
1654	1654	Actinomyces	Actinomyces	genus	0.0092	abund	0.0092	0.0084	DYN_0004_D10.fastq	DYN_0004_D10	illumina	sylph	unified	sylph_unified
1730	1730	Eubacterium	Eubacterium	genus	0.0555	abund	0.0555	0.0678	DYN_0004_D10.fastq	DYN_0004_D10	illumina	sylph	unified	sylph_unified
1743	1743	Propionibacterium	Propionibacterium	genus	0.0166	abund	0.0166	0.0129	DYN_0004_D10.fastq	DYN_0004_D10	illumina	sylph	unified	sylph_unified
2172	2172	Methanobrevibacter	Methanobrevibacter	genus	1.9137	abund	1.9137	1.0083	DYN_0004_D10.fastq	DYN_0004_D10	illumina	sylph	unified	sylph_unified
28050	28050	Lachnospira	Lachnospira	genus	0.3498	abund	0.3498	0.2853	DYN_0004_D10.fastq	DYN_0004_D10	illumina	sylph	unified	sylph_unified
29465	29465	Veillonella	Veillonella	genus	0.0133	abund	0.0133	0.0084	DYN_0004_D10.fastq	DYN_0004_D10	illumina	sylph	unified	sylph_unified
32207	32207	Rothia	Rothia	genus	0.022	abund	0.022	0.0149	DYN_0004_D10.fastq	DYN_0004_D10	illumina	sylph	unified	sylph_unified
47670	47670	Lautropia	Lautropia	genus	0.0041	abund	0.0041	0.0038	DYN_0004_D10.fastq	DYN_0004_D10	illumina	sylph	unified	sylph_unified
84111	84111	Eggerthella	Eggerthella	genus	0.0165	abund	0.0165	0.0174	DYN_0004_D10.fastq	DYN_0004_D10	illumina	sylph	unified	sylph_unified
86331	86331	Mogibacterium	Mogibacterium	genus	0.021	abund	0.021	0.0109	DYN_0004_D10.fastq	DYN_0004_D10	illumina	sylph	unified	sylph_unified
102106	102106	Collinsella	Collinsella	genus	0.5286	abund	0.5286	0.3522	DYN_0004_D10.fastq	DYN_0004_D10	illumina	sylph	unified	sylph_unified
165779	165779	Anaerococcus	Anaerococcus	genus	0.0057	abund	0.0057	0.0032	DYN_0004_D10.fastq	DYN_0004_D10	illumina	sylph	unified	sylph_unified
207244	207244	Anaerostipes	Anaerostipes	genus	0.0110999999999999	abund	0.0110999999999999	0.0098999999999999	DYN_0004_D10.fastq	DYN_0004_D10	illumina	sylph	unified	sylph_unified
216851	216851	Faecalibacterium	Faecalibacterium	genus	0.0737	abund	0.0737	0.0658	DYN_0004_D10.fastq	DYN_0004_D10	illumina	sylph	unified	sylph_unified
239759	239759	Alistipes	Alistipes	genus	7.565399999999999	abund	7.565399999999999	7.260899999999999	DYN_0004_D10.fastq	DYN_0004_D10	illumina	sylph	unified	sylph_unified
239934	239934	Akkermansia	Akkermansia	genus	40.119	abund	40.119	32.5136	DYN_0004_D10.fastq	DYN_0004_D10	illumina	sylph	unified	sylph_unified
244127	244127	Anaerotruncus	Anaerotruncus	genus	0.0196	abund	0.0196	0.0202	DYN_0004_D10.fastq	DYN_0004_D10	illumina	sylph	unified	sylph_unified
264995	264995	Anaerofustis	Anaerofustis	genus	0.0169	abund	0.0169	0.0114	DYN_0004_D10.fastq	DYN_0004_D10	illumina	sylph	unified	sylph_unified
283168	283168	Odoribacter	Odoribacter	genus	0.217	abund	0.217	0.2805	DYN_0004_D10.fastq	DYN_0004_D10	illumina	sylph	unified	sylph_unified
375288	375288	Parabacteroides	Parabacteroides	genus	3.2123	abund	3.2123	4.3773	DYN_0004_D10.fastq	DYN_0004_D10	illumina	sylph	unified	sylph_unified
397864	397864	Barnesiella	Barnesiella	genus	0.1962	abund	0.1962	0.1881	DYN_0004_D10.fastq	DYN_0004_D10	illumina	sylph	unified	sylph_unified
420345	420345	Lactonifactor	Lactonifactor	genus	0.0078	abund	0.0078	0.0113	DYN_0004_D10.fastq	DYN_0004_D10	illumina	sylph	unified	sylph_unified
447020	447020	Adlercreutzia	Adlercreutzia	genus	0.047	abund	0.047	0.0402	DYN_0004_D10.fastq	DYN_0004_D10	illumina	sylph	unified	sylph_unified
459786	459786	Oscillibacter	Oscillibacter	genus	0.2799	abund	0.2799	0.2734	DYN_0004_D10.fastq	DYN_0004_D10	illumina	sylph	unified	sylph_unified
508459	508459	Cloacibacillus	Cloacibacillus	genus	0.0475	abund	0.0475	0.0482	DYN_0004_D10.fastq	DYN_0004_D10	illumina	sylph	unified	sylph_unified
572511	572511	Blautia	Blautia	genus	0.2974	abund	0.2974	0.4567	DYN_0004_D10.fastq	DYN_0004_D10	illumina	sylph	unified	sylph_unified
574697	574697	Butyricimonas	Butyricimonas	genus	0.0542	abund	0.0542	0.0799	DYN_0004_D10.fastq	DYN_0004_D10	illumina	sylph	unified	sylph_unified
644652	644652	Gordonibacter	Gordonibacter	genus	0.1113	abund	0.1113	0.1182	DYN_0004_D10.fastq	DYN_0004_D10	illumina	sylph	unified	sylph_unified
909656	909656	Phocaeicola	Phocaeicola	genus	4.6283	abund	4.6283	7.4837	DYN_0004_D10.fastq	DYN_0004_D10	illumina	sylph	unified	sylph_unified
946234	946234	Flavonifractor	Flavonifractor	genus	0.3285	abund	0.3285	0.4133	DYN_0004_D10.fastq	DYN_0004_D10	illumina	sylph	unified	sylph_unified
990721	990721	Christensenella	Christensenella	genus	0.0468	abund	0.0468	0.0258	DYN_0004_D10.fastq	DYN_0004_D10	illumina	sylph	unified	sylph_unified
1392389	1392389	Intestinimonas	Intestinimonas	genus	0.2379	abund	0.2379	0.2224	DYN_0004_D10.fastq	DYN_0004_D10	illumina	sylph	unified	sylph_unified
1506553	1506553	Lachnoclostridium	Lachnoclostridium	genus	0.3215	abund	0.3215	0.3696	DYN_0004_D10.fastq	DYN_0004_D10	illumina	sylph	unified	sylph_unified
1766253	1766253	Agathobacter	Agathobacter	genus	0.0922	abund	0.0922	0.0907	DYN_0004_D10.fastq	DYN_0004_D10	illumina	sylph	unified	sylph_unified
1769710	1769710	Sellimonas	Sellimonas	genus	0.0468	abund	0.0468	0.0445	DYN_0004_D10.fastq	DYN_0004_D10	illumina	sylph	unified	sylph_unified
1905344	1905344	Ruthenibacterium	Ruthenibacterium	genus	2.8022	abund	2.8022	3.6433	DYN_0004_D10.fastq	DYN_0004_D10	illumina	sylph	unified	sylph_unified
1918536	1918536	Longicatena	Longicatena	genus	0.1434	abund	0.1434	0.1309	DYN_0004_D10.fastq	DYN_0004_D10	illumina	sylph	unified	sylph_unified
1924110	1924110	Massilimicrobiota	Massilimicrobiota	genus	0.0434	abund	0.0434	0.0339	DYN_0004_D10.fastq	DYN_0004_D10	illumina	sylph	unified	sylph_unified
1928820	1928820	Intestinibacillus	Intestinibacillus	genus	0.0138	abund	0.0138	0.0123	DYN_0004_D10.fastq	DYN_0004_D10	illumina	sylph	unified	sylph_unified
2005355	2005355	Faecalimonas	Faecalimonas	genus	0.0081	abund	0.0081	0.0069	DYN_0004_D10.fastq	DYN_0004_D10	illumina	sylph	unified	sylph_unified
2048137	2048137	Agathobaculum	Agathobaculum	genus	0.0078	abund	0.0078	0.0092	DYN_0004_D10.fastq	DYN_0004_D10	illumina	sylph	unified	sylph_unified
2172004	2172004	Lawsonibacter	Lawsonibacter	genus	0.0668	abund	0.0668	0.0615	DYN_0004_D10.fastq	DYN_0004_D10	illumina	sylph	unified	sylph_unified
2316020	2316020	Mediterraneibacter	Mediterraneibacter	genus	0.2441	abund	0.2441	0.2007	DYN_0004_D10.fastq	DYN_0004_D10	illumina	sylph	unified	sylph_unified
2529408	2529408	Schaalia	Schaalia	genus	0.0035	abund	0.0035	0.0025	DYN_0004_D10.fastq	DYN_0004_D10	illumina	sylph	unified	sylph_unified
2717089	2717089	Massilistercora	Massilistercora	genus	0.3475	abund	0.3475	0.2831	DYN_0004_D10.fastq	DYN_0004_D10	illumina	sylph	unified	sylph_unified
2719313	2719313	Enterocloster	Enterocloster	genus	1.1658999999999995	abund	1.1658999999999995	2.2495000000000003	DYN_0004_D10.fastq	DYN_0004_D10	illumina	sylph	unified	sylph_unified
2733114	2733114	Mushuvirus	Mushuvirus	genus	0.0701	abund	0.0701	0.0008	DYN_0004_D10.fastq	DYN_0004_D10	illumina	sylph	unified	sylph_unified
2767887	2767887	Ligilactobacillus	Ligilactobacillus	genus	0.0058	abund	0.0058	0.0037	DYN_0004_D10.fastq	DYN_0004_D10	illumina	sylph	unified	sylph_unified
2842531	2842531	Solibaculum	Solibaculum	genus	0.0152	abund	0.0152	0.0114	DYN_0004_D10.fastq	DYN_0004_D10	illumina	sylph	unified	sylph_unified
2892397	2892397	Pusillibacter	Pusillibacter	genus	0.0304	abund	0.0304	0.0304	DYN_0004_D10.fastq	DYN_0004_D10	illumina	sylph	unified	sylph_unified
2942980	2942980	Kehishuvirus	Kehishuvirus	genus	0.028	abund	0.028	0.0008	DYN_0004_D10.fastq	DYN_0004_D10	illumina	sylph	unified	sylph_unified
2944198	2944198	Wansuia	Wansuia	genus	0.0108	abund	0.0108	0.0125	DYN_0004_D10.fastq	DYN_0004_D10	illumina	sylph	unified	sylph_unified
2948652	2948652	Carjivirus	Carjivirus	genus	0.0767	abund	0.0767	0.0022	DYN_0004_D10.fastq	DYN_0004_D10	illumina	sylph	unified	sylph_unified
2948774	2948774	Junduvirus	Junduvirus	genus	0.7397	abund	0.7397	0.0208	DYN_0004_D10.fastq	DYN_0004_D10	illumina	sylph	unified	sylph_unified
2948785	2948785	Kingevirus	Kingevirus	genus	6.5612	abund	6.5612	0.1778	DYN_0004_D10.fastq	DYN_0004_D10	illumina	sylph	unified	sylph_unified
3025755	3025755	Thomasclavelia	Thomasclavelia	genus	0.0604	abund	0.0604	0.0577	DYN_0004_D10.fastq	DYN_0004_D10	illumina	sylph	unified	sylph_unified
3393728	3393728	Owariibacterium	Owariibacterium	genus	0.0214	abund	0.0214	0.0227	DYN_0004_D10.fastq	DYN_0004_D10	illumina	sylph	unified	sylph_unified
0	0	Candidatus Nanosynbacter	Candidatus	genus	0.0124	abund	0.0124	0.0025	DYN_0007_D01.fastq	DYN_0007_D01	illumina	sylph	unified	sylph_unified
482	482	Neisseria	Neisseria	genus	0.0341	abund	0.0341	0.0234	DYN_0007_D01.fastq	DYN_0007_D01	illumina	sylph	unified	sylph_unified
538	538	Eikenella	Eikenella	genus	0.0093	abund	0.0093	0.0061	DYN_0007_D01.fastq	DYN_0007_D01	illumina	sylph	unified	sylph_unified
544	544	Citrobacter	Citrobacter	genus	0.0148	abund	0.0148	0.0242	DYN_0007_D01.fastq	DYN_0007_D01	illumina	sylph	unified	sylph_unified
561	561	Escherichia	Escherichia	genus	0.966	abund	0.966	1.3505	DYN_0007_D01.fastq	DYN_0007_D01	illumina	sylph	unified	sylph_unified
570	570	Klebsiella	Klebsiella	genus	3.2734	abund	3.2734	5.1636	DYN_0007_D01.fastq	DYN_0007_D01	illumina	sylph	unified	sylph_unified
724	724	Haemophilus	Haemophilus	genus	0.4312	abund	0.4312	0.27	DYN_0007_D01.fastq	DYN_0007_D01	illumina	sylph	unified	sylph_unified
816	816	Bacteroides	Bacteroides	genus	9.772100000000002	abund	9.772100000000002	14.454399999999998	DYN_0007_D01.fastq	DYN_0007_D01	illumina	sylph	unified	sylph_unified
836	836	Porphyromonas	Porphyromonas	genus	0.048	abund	0.048	0.0386	DYN_0007_D01.fastq	DYN_0007_D01	illumina	sylph	unified	sylph_unified
838	838	Prevotella	Prevotella	genus	0.0476	abund	0.0476	0.0414	DYN_0007_D01.fastq	DYN_0007_D01	illumina	sylph	unified	sylph_unified
841	841	Roseburia	Roseburia	genus	0.1443	abund	0.1443	0.1443	DYN_0007_D01.fastq	DYN_0007_D01	illumina	sylph	unified	sylph_unified
848	848	Fusobacterium	Fusobacterium	genus	0.0404	abund	0.0404	0.0296	DYN_0007_D01.fastq	DYN_0007_D01	illumina	sylph	unified	sylph_unified
1279	1279	Staphylococcus	Staphylococcus	genus	0.0246	abund	0.0246	0.0204	DYN_0007_D01.fastq	DYN_0007_D01	illumina	sylph	unified	sylph_unified
1301	1301	Streptococcus	Streptococcus	genus	3.7581	abund	3.7581	2.311400000000001	DYN_0007_D01.fastq	DYN_0007_D01	illumina	sylph	unified	sylph_unified
1350	1350	Enterococcus	Enterococcus	genus	0.3428	abund	0.3428	0.3927	DYN_0007_D01.fastq	DYN_0007_D01	illumina	sylph	unified	sylph_unified
1378	1378	Gemella	Gemella	genus	0.0723	abund	0.0723	0.0394	DYN_0007_D01.fastq	DYN_0007_D01	illumina	sylph	unified	sylph_unified
1654	1654	Actinomyces	Actinomyces	genus	0.0321	abund	0.0321	0.0311	DYN_0007_D01.fastq	DYN_0007_D01	illumina	sylph	unified	sylph_unified
1678	1678	Bifidobacterium	Bifidobacterium	genus	0.0057	abund	0.0057	0.0037	DYN_0007_D01.fastq	DYN_0007_D01	illumina	sylph	unified	sylph_unified
1716	1716	Corynebacterium	Corynebacterium	genus	0.0036	abund	0.0036	0.003	DYN_0007_D01.fastq	DYN_0007_D01	illumina	sylph	unified	sylph_unified
1730	1730	Eubacterium	Eubacterium	genus	0.0635	abund	0.0635	0.0609	DYN_0007_D01.fastq	DYN_0007_D01	illumina	sylph	unified	sylph_unified
2050	2050	Mobiluncus	Mobiluncus	genus	0.0346	abund	0.0346	0.0226	DYN_0007_D01.fastq	DYN_0007_D01	illumina	sylph	unified	sylph_unified
2172	2172	Methanobrevibacter	Methanobrevibacter	genus	1.2184	abund	1.2184	0.6445	DYN_0007_D01.fastq	DYN_0007_D01	illumina	sylph	unified	sylph_unified
28050	28050	Lachnospira	Lachnospira	genus	3.1606	abund	3.1606	2.5882	DYN_0007_D01.fastq	DYN_0007_D01	illumina	sylph	unified	sylph_unified
29465	29465	Veillonella	Veillonella	genus	0.4451	abund	0.4451	0.2843	DYN_0007_D01.fastq	DYN_0007_D01	illumina	sylph	unified	sylph_unified
32207	32207	Rothia	Rothia	genus	0.0578	abund	0.0578	0.0409	DYN_0007_D01.fastq	DYN_0007_D01	illumina	sylph	unified	sylph_unified
33024	33024	Phascolarctobacterium	Phascolarctobacterium	genus	1.6932	abund	1.6932	1.1826	DYN_0007_D01.fastq	DYN_0007_D01	illumina	sylph	unified	sylph_unified
33042	33042	Coprococcus	Coprococcus	genus	0.158	abund	0.158	0.1574	DYN_0007_D01.fastq	DYN_0007_D01	illumina	sylph	unified	sylph_unified
61170	61170	Holdemania	Holdemania	genus	0.0762	abund	0.0762	0.0904	DYN_0007_D01.fastq	DYN_0007_D01	illumina	sylph	unified	sylph_unified
84111	84111	Eggerthella	Eggerthella	genus	0.3413	abund	0.3413	0.3292	DYN_0007_D01.fastq	DYN_0007_D01	illumina	sylph	unified	sylph_unified
117563	117563	Granulicatella	Granulicatella	genus	0.0271	abund	0.0271	0.0157	DYN_0007_D01.fastq	DYN_0007_D01	illumina	sylph	unified	sylph_unified
135858	135858	Catenibacterium	Catenibacterium	genus	1.0129	abund	1.0129	0.7927	DYN_0007_D01.fastq	DYN_0007_D01	illumina	sylph	unified	sylph_unified
189330	189330	Dorea	Dorea	genus	0.7542	abund	0.7542	0.6643	DYN_0007_D01.fastq	DYN_0007_D01	illumina	sylph	unified	sylph_unified
207244	207244	Anaerostipes	Anaerostipes	genus	0.687	abund	0.687	0.5689	DYN_0007_D01.fastq	DYN_0007_D01	illumina	sylph	unified	sylph_unified
216851	216851	Faecalibacterium	Faecalibacterium	genus	3.906	abund	3.906	3.292	DYN_0007_D01.fastq	DYN_0007_D01	illumina	sylph	unified	sylph_unified
239759	239759	Alistipes	Alistipes	genus	14.1224	abund	14.1224	12.7894	DYN_0007_D01.fastq	DYN_0007_D01	illumina	sylph	unified	sylph_unified
264995	264995	Anaerofustis	Anaerofustis	genus	0.0061	abund	0.0061	0.0041	DYN_0007_D01.fastq	DYN_0007_D01	illumina	sylph	unified	sylph_unified
283168	283168	Odoribacter	Odoribacter	genus	1.0459	abund	1.0459	1.3567	DYN_0007_D01.fastq	DYN_0007_D01	illumina	sylph	unified	sylph_unified
375288	375288	Parabacteroides	Parabacteroides	genus	2.1825	abund	2.1825	3.1693	DYN_0007_D01.fastq	DYN_0007_D01	illumina	sylph	unified	sylph_unified
397864	397864	Barnesiella	Barnesiella	genus	1.6508	abund	1.6508	1.5894	DYN_0007_D01.fastq	DYN_0007_D01	illumina	sylph	unified	sylph_unified
416916	416916	Aggregatibacter	Aggregatibacter	genus	0.0757	abund	0.0757	0.0461	DYN_0007_D01.fastq	DYN_0007_D01	illumina	sylph	unified	sylph_unified
420345	420345	Lactonifactor	Lactonifactor	genus	0.012	abund	0.012	0.0173	DYN_0007_D01.fastq	DYN_0007_D01	illumina	sylph	unified	sylph_unified
447020	447020	Adlercreutzia	Adlercreutzia	genus	0.0203	abund	0.0203	0.0172	DYN_0007_D01.fastq	DYN_0007_D01	illumina	sylph	unified	sylph_unified
572511	572511	Blautia	Blautia	genus	0.7067	abund	0.7067	0.9168	DYN_0007_D01.fastq	DYN_0007_D01	illumina	sylph	unified	sylph_unified
574697	574697	Butyricimonas	Butyricimonas	genus	0.6678999999999999	abund	0.6678999999999999	0.9517	DYN_0007_D01.fastq	DYN_0007_D01	illumina	sylph	unified	sylph_unified
644652	644652	Gordonibacter	Gordonibacter	genus	0.0304	abund	0.0304	0.0324	DYN_0007_D01.fastq	DYN_0007_D01	illumina	sylph	unified	sylph_unified
909656	909656	Phocaeicola	Phocaeicola	genus	10.159	abund	10.159	15.9195	DYN_0007_D01.fastq	DYN_0007_D01	illumina	sylph	unified	sylph_unified
946234	946234	Flavonifractor	Flavonifractor	genus	0.0236	abund	0.0236	0.0278	DYN_0007_D01.fastq	DYN_0007_D01	illumina	sylph	unified	sylph_unified
990721	990721	Christensenella	Christensenella	genus	0.0249	abund	0.0249	0.0138	DYN_0007_D01.fastq	DYN_0007_D01	illumina	sylph	unified	sylph_unified
1213720	1213720	Stomatobaculum	Stomatobaculum	genus	0.0069	abund	0.0069	0.0044	DYN_0007_D01.fastq	DYN_0007_D01	illumina	sylph	unified	sylph_unified
1392389	1392389	Intestinimonas	Intestinimonas	genus	0.1266	abund	0.1266	0.1262	DYN_0007_D01.fastq	DYN_0007_D01	illumina	sylph	unified	sylph_unified
1432051	1432051	Eisenbergiella	Eisenbergiella	genus	1.5496	abund	1.5496	3.2416	DYN_0007_D01.fastq	DYN_0007_D01	illumina	sylph	unified	sylph_unified
1506553	1506553	Lachnoclostridium	Lachnoclostridium	genus	0.0975999999999999	abund	0.0975999999999999	0.1065	DYN_0007_D01.fastq	DYN_0007_D01	illumina	sylph	unified	sylph_unified
1649459	1649459	Hungatella	Hungatella	genus	0.3732	abund	0.3732	0.764	DYN_0007_D01.fastq	DYN_0007_D01	illumina	sylph	unified	sylph_unified
1766253	1766253	Agathobacter	Agathobacter	genus	0.5567	abund	0.5567	0.5499	DYN_0007_D01.fastq	DYN_0007_D01	illumina	sylph	unified	sylph_unified
1905344	1905344	Ruthenibacterium	Ruthenibacterium	genus	7.7885	abund	7.7885	10.1665	DYN_0007_D01.fastq	DYN_0007_D01	illumina	sylph	unified	sylph_unified
1918540	1918540	Muribaculum	Muribaculum	genus	0.0508	abund	0.0508	0.0514	DYN_0007_D01.fastq	DYN_0007_D01	illumina	sylph	unified	sylph_unified
1926677	1926677	Raoultibacter	Raoultibacter	genus	0.0192	abund	0.0192	0.0227	DYN_0007_D01.fastq	DYN_0007_D01	illumina	sylph	unified	sylph_unified
2172004	2172004	Lawsonibacter	Lawsonibacter	genus	0.0869	abund	0.0869	0.0803	DYN_0007_D01.fastq	DYN_0007_D01	illumina	sylph	unified	sylph_unified
2316020	2316020	Mediterraneibacter	Mediterraneibacter	genus	6.575100000000001	abund	6.575100000000001	5.4885	DYN_0007_D01.fastq	DYN_0007_D01	illumina	sylph	unified	sylph_unified
2529408	2529408	Schaalia	Schaalia	genus	0.1164	abund	0.1164	0.0811	DYN_0007_D01.fastq	DYN_0007_D01	illumina	sylph	unified	sylph_unified
2569097	2569097	Anaerobutyricum	Anaerobutyricum	genus	0.5377000000000001	abund	0.5377000000000001	0.5700000000000001	DYN_0007_D01.fastq	DYN_0007_D01	illumina	sylph	unified	sylph_unified
2591381	2591381	Dysosmobacter	Dysosmobacter	genus	0.0803	abund	0.0803	0.0849	DYN_0007_D01.fastq	DYN_0007_D01	illumina	sylph	unified	sylph_unified
2719313	2719313	Enterocloster	Enterocloster	genus	0.1008	abund	0.1008	0.1931	DYN_0007_D01.fastq	DYN_0007_D01	illumina	sylph	unified	sylph_unified
2733199	2733199	Oengusvirus	Oengusvirus	genus	0.0564	abund	0.0564	0.001	DYN_0007_D01.fastq	DYN_0007_D01	illumina	sylph	unified	sylph_unified
2749846	2749846	Amedibacillus	Amedibacillus	genus	0.0326	abund	0.0326	0.0373	DYN_0007_D01.fastq	DYN_0007_D01	illumina	sylph	unified	sylph_unified
2892396	2892396	Vescimonas	Vescimonas	genus	0.1206	abund	0.1206	0.0899	DYN_0007_D01.fastq	DYN_0007_D01	illumina	sylph	unified	sylph_unified
2892397	2892397	Pusillibacter	Pusillibacter	genus	0.0477	abund	0.0477	0.048	DYN_0007_D01.fastq	DYN_0007_D01	illumina	sylph	unified	sylph_unified
2944152	2944152	Wujia	Wujia	genus	0.088	abund	0.088	0.0765	DYN_0007_D01.fastq	DYN_0007_D01	illumina	sylph	unified	sylph_unified
2944198	2944198	Wansuia	Wansuia	genus	0.0181	abund	0.0181	0.0211	DYN_0007_D01.fastq	DYN_0007_D01	illumina	sylph	unified	sylph_unified
2948652	2948652	Carjivirus	Carjivirus	genus	10.159	abund	10.159	0.2912	DYN_0007_D01.fastq	DYN_0007_D01	illumina	sylph	unified	sylph_unified
3342669	3342669	Eshraghiella	Eshraghiella	genus	8.0143	abund	8.0143	5.9677	DYN_0007_D01.fastq	DYN_0007_D01	illumina	sylph	unified	sylph_unified
286	286	Pseudomonas	Pseudomonas	genus	1.6151	abund	1.6151	2.1337	DYN_0021_D03.fastq	DYN_0021_D03	illumina	sylph	unified	sylph_unified
482	482	Neisseria	Neisseria	genus	0.0142	abund	0.0142	0.0072	DYN_0021_D03.fastq	DYN_0021_D03	illumina	sylph	unified	sylph_unified
538	538	Eikenella	Eikenella	genus	0.1226	abund	0.1226	0.0545	DYN_0021_D03.fastq	DYN_0021_D03	illumina	sylph	unified	sylph_unified
544	544	Citrobacter	Citrobacter	genus	0.9616	abund	0.9616	1.0069	DYN_0021_D03.fastq	DYN_0021_D03	illumina	sylph	unified	sylph_unified
547	547	Enterobacter	Enterobacter	genus	15.1411	abund	15.1411	14.5074	DYN_0021_D03.fastq	DYN_0021_D03	illumina	sylph	unified	sylph_unified
570	570	Klebsiella	Klebsiella	genus	1.5141	abund	1.5141	1.7332	DYN_0021_D03.fastq	DYN_0021_D03	illumina	sylph	unified	sylph_unified
816	816	Bacteroides	Bacteroides	genus	18.5259	abund	18.5259	19.8761	DYN_0021_D03.fastq	DYN_0021_D03	illumina	sylph	unified	sylph_unified
1301	1301	Streptococcus	Streptococcus	genus	0.003	abund	0.003	0.0012	DYN_0021_D03.fastq	DYN_0021_D03	illumina	sylph	unified	sylph_unified
1350	1350	Enterococcus	Enterococcus	genus	0.0046	abund	0.0046	0.0041	DYN_0021_D03.fastq	DYN_0021_D03	illumina	sylph	unified	sylph_unified
1378	1378	Gemella	Gemella	genus	0.0116	abund	0.0116	0.0041	DYN_0021_D03.fastq	DYN_0021_D03	illumina	sylph	unified	sylph_unified
1485	1485	Clostridium	Clostridium	genus	3.2301	abund	3.2301	2.8463	DYN_0021_D03.fastq	DYN_0021_D03	illumina	sylph	unified	sylph_unified
1654	1654	Actinomyces	Actinomyces	genus	0.0028	abund	0.0028	0.0017	DYN_0021_D03.fastq	DYN_0021_D03	illumina	sylph	unified	sylph_unified
1678	1678	Bifidobacterium	Bifidobacterium	genus	0.0055	abund	0.0055	0.0028	DYN_0021_D03.fastq	DYN_0021_D03	illumina	sylph	unified	sylph_unified
1730	1730	Eubacterium	Eubacterium	genus	0.0075	abund	0.0075	0.0066	DYN_0021_D03.fastq	DYN_0021_D03	illumina	sylph	unified	sylph_unified
29465	29465	Veillonella	Veillonella	genus	0.0541	abund	0.0541	0.0236	DYN_0021_D03.fastq	DYN_0021_D03	illumina	sylph	unified	sylph_unified
32207	32207	Rothia	Rothia	genus	0.0049	abund	0.0049	0.0024	DYN_0021_D03.fastq	DYN_0021_D03	illumina	sylph	unified	sylph_unified
33024	33024	Phascolarctobacterium	Phascolarctobacterium	genus	1.5141	abund	1.5141	0.7262	DYN_0021_D03.fastq	DYN_0021_D03	illumina	sylph	unified	sylph_unified
39948	39948	Dialister	Dialister	genus	0.0973	abund	0.0973	0.0251	DYN_0021_D03.fastq	DYN_0021_D03	illumina	sylph	unified	sylph_unified
82982	82982	Obesumbacterium	Obesumbacterium	genus	0.0061	abund	0.0061	0.0062	DYN_0021_D03.fastq	DYN_0021_D03	illumina	sylph	unified	sylph_unified
84111	84111	Eggerthella	Eggerthella	genus	0.0113	abund	0.0113	0.0075	DYN_0021_D03.fastq	DYN_0021_D03	illumina	sylph	unified	sylph_unified
117563	117563	Granulicatella	Granulicatella	genus	0.0058	abund	0.0058	0.0023	DYN_0021_D03.fastq	DYN_0021_D03	illumina	sylph	unified	sylph_unified
239759	239759	Alistipes	Alistipes	genus	4.2107	abund	4.2107	2.7408	DYN_0021_D03.fastq	DYN_0021_D03	illumina	sylph	unified	sylph_unified
264995	264995	Anaerofustis	Anaerofustis	genus	0.0173	abund	0.0173	0.0081	DYN_0021_D03.fastq	DYN_0021_D03	illumina	sylph	unified	sylph_unified
283168	283168	Odoribacter	Odoribacter	genus	0.0394	abund	0.0394	0.0351	DYN_0021_D03.fastq	DYN_0021_D03	illumina	sylph	unified	sylph_unified
375288	375288	Parabacteroides	Parabacteroides	genus	13.7657	abund	13.7657	14.687	DYN_0021_D03.fastq	DYN_0021_D03	illumina	sylph	unified	sylph_unified
447792	447792	Phytobacter	Phytobacter	genus	17.5637	abund	17.5637	22.0535	DYN_0021_D03.fastq	DYN_0021_D03	illumina	sylph	unified	sylph_unified
459786	459786	Oscillibacter	Oscillibacter	genus	0.4057	abund	0.4057	0.2732	DYN_0021_D03.fastq	DYN_0021_D03	illumina	sylph	unified	sylph_unified
572511	572511	Blautia	Blautia	genus	0.0106	abund	0.0106	0.0101999999999999	DYN_0021_D03.fastq	DYN_0021_D03	illumina	sylph	unified	sylph_unified
577309	577309	Paraprevotella	Paraprevotella	genus	0.8273	abund	0.8273	0.677	DYN_0021_D03.fastq	DYN_0021_D03	illumina	sylph	unified	sylph_unified
644652	644652	Gordonibacter	Gordonibacter	genus	0.0073	abund	0.0073	0.0048	DYN_0021_D03.fastq	DYN_0021_D03	illumina	sylph	unified	sylph_unified
909656	909656	Phocaeicola	Phocaeicola	genus	13.1223	abund	13.1223	14.0874	DYN_0021_D03.fastq	DYN_0021_D03	illumina	sylph	unified	sylph_unified
946234	946234	Flavonifractor	Flavonifractor	genus	0.3451	abund	0.3451	0.2641	DYN_0021_D03.fastq	DYN_0021_D03	illumina	sylph	unified	sylph_unified
1348911	1348911	Coprobacter	Coprobacter	genus	0.0226	abund	0.0226	0.0191	DYN_0021_D03.fastq	DYN_0021_D03	illumina	sylph	unified	sylph_unified
1392389	1392389	Intestinimonas	Intestinimonas	genus	0.0333	abund	0.0333	0.0215	DYN_0021_D03.fastq	DYN_0021_D03	illumina	sylph	unified	sylph_unified
1506553	1506553	Lachnoclostridium	Lachnoclostridium	genus	0.0149	abund	0.0149	0.016	DYN_0021_D03.fastq	DYN_0021_D03	illumina	sylph	unified	sylph_unified
1769710	1769710	Sellimonas	Sellimonas	genus	0.0212	abund	0.0212	0.0139	DYN_0021_D03.fastq	DYN_0021_D03	illumina	sylph	unified	sylph_unified
1905344	1905344	Ruthenibacterium	Ruthenibacterium	genus	0.7806	abund	0.7806	0.6997	DYN_0021_D03.fastq	DYN_0021_D03	illumina	sylph	unified	sylph_unified
1918536	1918536	Longicatena	Longicatena	genus	0.3687	abund	0.3687	0.2321	DYN_0021_D03.fastq	DYN_0021_D03	illumina	sylph	unified	sylph_unified
2172004	2172004	Lawsonibacter	Lawsonibacter	genus	0.9613	abund	0.9613	0.6095	DYN_0021_D03.fastq	DYN_0021_D03	illumina	sylph	unified	sylph_unified
2316020	2316020	Mediterraneibacter	Mediterraneibacter	genus	0.3321	abund	0.3321	0.1895	DYN_0021_D03.fastq	DYN_0021_D03	illumina	sylph	unified	sylph_unified
2719313	2719313	Enterocloster	Enterocloster	genus	0.2320999999999999	abund	0.2320999999999999	0.3028	DYN_0021_D03.fastq	DYN_0021_D03	illumina	sylph	unified	sylph_unified
2733114	2733114	Mushuvirus	Mushuvirus	genus	0.8663	abund	0.8663	0.0064	DYN_0021_D03.fastq	DYN_0021_D03	illumina	sylph	unified	sylph_unified
2767353	2767353	Lancefieldella	Lancefieldella	genus	0.0115	abund	0.0115	0.0036	DYN_0021_D03.fastq	DYN_0021_D03	illumina	sylph	unified	sylph_unified
2892397	2892397	Pusillibacter	Pusillibacter	genus	0.0458	abund	0.0458	0.0316	DYN_0021_D03.fastq	DYN_0021_D03	illumina	sylph	unified	sylph_unified
2944198	2944198	Wansuia	Wansuia	genus	0.0118	abund	0.0118	0.0094	DYN_0021_D03.fastq	DYN_0021_D03	illumina	sylph	unified	sylph_unified
544	544	Citrobacter	Citrobacter	genus	0.1888	abund	0.1888	0.23	DYN_0024_D01.fastq	DYN_0024_D01	illumina	sylph	unified	sylph_unified
561	561	Escherichia	Escherichia	genus	0.0954	abund	0.0954	0.1277	DYN_0024_D01.fastq	DYN_0024_D01	illumina	sylph	unified	sylph_unified
583	583	Proteus	Proteus	genus	0.0697	abund	0.0697	0.0708	DYN_0024_D01.fastq	DYN_0024_D01	illumina	sylph	unified	sylph_unified
816	816	Bacteroides	Bacteroides	genus	38.8132	abund	38.8132	48.3007	DYN_0024_D01.fastq	DYN_0024_D01	illumina	sylph	unified	sylph_unified
838	838	Prevotella	Prevotella	genus	0.0232	abund	0.0232	0.0147	DYN_0024_D01.fastq	DYN_0024_D01	illumina	sylph	unified	sylph_unified
841	841	Roseburia	Roseburia	genus	0.0367	abund	0.0367	0.0333	DYN_0024_D01.fastq	DYN_0024_D01	illumina	sylph	unified	sylph_unified
1279	1279	Staphylococcus	Staphylococcus	genus	0.005	abund	0.005	0.0038	DYN_0024_D01.fastq	DYN_0024_D01	illumina	sylph	unified	sylph_unified
1301	1301	Streptococcus	Streptococcus	genus	1.9813	abund	1.9813	1.003	DYN_0024_D01.fastq	DYN_0024_D01	illumina	sylph	unified	sylph_unified
1350	1350	Enterococcus	Enterococcus	genus	0.3902	abund	0.3902	0.2946999999999999	DYN_0024_D01.fastq	DYN_0024_D01	illumina	sylph	unified	sylph_unified
1485	1485	Clostridium	Clostridium	genus	0.0971	abund	0.0971	0.1103	DYN_0024_D01.fastq	DYN_0024_D01	illumina	sylph	unified	sylph_unified
1654	1654	Actinomyces	Actinomyces	genus	0.0321	abund	0.0321	0.0255	DYN_0024_D01.fastq	DYN_0024_D01	illumina	sylph	unified	sylph_unified
1678	1678	Bifidobacterium	Bifidobacterium	genus	2.1361	abund	2.1361	1.2928	DYN_0024_D01.fastq	DYN_0024_D01	illumina	sylph	unified	sylph_unified
1730	1730	Eubacterium	Eubacterium	genus	0.3995	abund	0.3995	0.2989	DYN_0024_D01.fastq	DYN_0024_D01	illumina	sylph	unified	sylph_unified
29465	29465	Veillonella	Veillonella	genus	0.0633	abund	0.0633	0.0354	DYN_0024_D01.fastq	DYN_0024_D01	illumina	sylph	unified	sylph_unified
33042	33042	Coprococcus	Coprococcus	genus	0.2626	abund	0.2626	0.2423	DYN_0024_D01.fastq	DYN_0024_D01	illumina	sylph	unified	sylph_unified
84111	84111	Eggerthella	Eggerthella	genus	4.2358	abund	4.2358	3.9583	DYN_0024_D01.fastq	DYN_0024_D01	illumina	sylph	unified	sylph_unified
123375	123375	Solobacterium	Solobacterium	genus	0.0167	abund	0.0167	0.0114	DYN_0024_D01.fastq	DYN_0024_D01	illumina	sylph	unified	sylph_unified
162289	162289	Peptoniphilus	Peptoniphilus	genus	0.0103	abund	0.0103	0.0045	DYN_0024_D01.fastq	DYN_0024_D01	illumina	sylph	unified	sylph_unified
165779	165779	Anaerococcus	Anaerococcus	genus	0.054	abund	0.054	0.0268	DYN_0024_D01.fastq	DYN_0024_D01	illumina	sylph	unified	sylph_unified
189330	189330	Dorea	Dorea	genus	1.4947	abund	1.4947	1.1499	DYN_0024_D01.fastq	DYN_0024_D01	illumina	sylph	unified	sylph_unified
191303	191303	Turicibacter	Turicibacter	genus	0.1008	abund	0.1008	0.0743	DYN_0024_D01.fastq	DYN_0024_D01	illumina	sylph	unified	sylph_unified
207244	207244	Anaerostipes	Anaerostipes	genus	0.1095	abund	0.1095	0.09	DYN_0024_D01.fastq	DYN_0024_D01	illumina	sylph	unified	sylph_unified
216851	216851	Faecalibacterium	Faecalibacterium	genus	0.1708	abund	0.1708	0.1375	DYN_0024_D01.fastq	DYN_0024_D01	illumina	sylph	unified	sylph_unified
239759	239759	Alistipes	Alistipes	genus	9.3188	abund	9.3188	9.1153	DYN_0024_D01.fastq	DYN_0024_D01	illumina	sylph	unified	sylph_unified
239934	239934	Akkermansia	Akkermansia	genus	23.9323	abund	23.9323	19.1971	DYN_0024_D01.fastq	DYN_0024_D01	illumina	sylph	unified	sylph_unified
244127	244127	Anaerotruncus	Anaerotruncus	genus	0.0632	abund	0.0632	0.0581	DYN_0024_D01.fastq	DYN_0024_D01	illumina	sylph	unified	sylph_unified
264995	264995	Anaerofustis	Anaerofustis	genus	0.0103	abund	0.0103	0.0062	DYN_0024_D01.fastq	DYN_0024_D01	illumina	sylph	unified	sylph_unified
459786	459786	Oscillibacter	Oscillibacter	genus	0.3573	abund	0.3573	0.3108	DYN_0024_D01.fastq	DYN_0024_D01	illumina	sylph	unified	sylph_unified
572511	572511	Blautia	Blautia	genus	3.3085	abund	3.3085	3.1079000000000003	DYN_0024_D01.fastq	DYN_0024_D01	illumina	sylph	unified	sylph_unified
946234	946234	Flavonifractor	Flavonifractor	genus	0.0507	abund	0.0507	0.0623	DYN_0024_D01.fastq	DYN_0024_D01	illumina	sylph	unified	sylph_unified
990721	990721	Christensenella	Christensenella	genus	0.1235	abund	0.1235	0.0608	DYN_0024_D01.fastq	DYN_0024_D01	illumina	sylph	unified	sylph_unified
1392389	1392389	Intestinimonas	Intestinimonas	genus	0.6489	abund	0.6489	0.5403	DYN_0024_D01.fastq	DYN_0024_D01	illumina	sylph	unified	sylph_unified
1432051	1432051	Eisenbergiella	Eisenbergiella	genus	0.2016	abund	0.2016	0.374	DYN_0024_D01.fastq	DYN_0024_D01	illumina	sylph	unified	sylph_unified
1505657	1505657	Intestinibacter	Intestinibacter	genus	0.0318	abund	0.0318	0.025	DYN_0024_D01.fastq	DYN_0024_D01	illumina	sylph	unified	sylph_unified
1506553	1506553	Lachnoclostridium	Lachnoclostridium	genus	0.9834	abund	0.9834	1.2421	DYN_0024_D01.fastq	DYN_0024_D01	illumina	sylph	unified	sylph_unified
1649459	1649459	Hungatella	Hungatella	genus	0.2919	abund	0.2919	0.53	DYN_0024_D01.fastq	DYN_0024_D01	illumina	sylph	unified	sylph_unified
1766253	1766253	Agathobacter	Agathobacter	genus	1.2772	abund	1.2772	1.1191	DYN_0024_D01.fastq	DYN_0024_D01	illumina	sylph	unified	sylph_unified
1847725	1847725	Lawsonella	Lawsonella	genus	0.0713	abund	0.0713	0.035	DYN_0024_D01.fastq	DYN_0024_D01	illumina	sylph	unified	sylph_unified
1905344	1905344	Ruthenibacterium	Ruthenibacterium	genus	0.1042	abund	0.1042	0.1206	DYN_0024_D01.fastq	DYN_0024_D01	illumina	sylph	unified	sylph_unified
1918536	1918536	Longicatena	Longicatena	genus	1.7072	abund	1.7072	1.388	DYN_0024_D01.fastq	DYN_0024_D01	illumina	sylph	unified	sylph_unified
1924110	1924110	Massilimicrobiota	Massilimicrobiota	genus	0.1436	abund	0.1436	0.1001	DYN_0024_D01.fastq	DYN_0024_D01	illumina	sylph	unified	sylph_unified
1928820	1928820	Intestinibacillus	Intestinibacillus	genus	0.0254	abund	0.0254	0.0202	DYN_0024_D01.fastq	DYN_0024_D01	illumina	sylph	unified	sylph_unified
2039302	2039302	Monoglobus	Monoglobus	genus	1.9431	abund	1.9431	1.4046	DYN_0024_D01.fastq	DYN_0024_D01	illumina	sylph	unified	sylph_unified
2172004	2172004	Lawsonibacter	Lawsonibacter	genus	0.1513	abund	0.1513	0.1239	DYN_0024_D01.fastq	DYN_0024_D01	illumina	sylph	unified	sylph_unified
2316020	2316020	Mediterraneibacter	Mediterraneibacter	genus	0.1893	abund	0.1893	0.1498	DYN_0024_D01.fastq	DYN_0024_D01	illumina	sylph	unified	sylph_unified
2529408	2529408	Schaalia	Schaalia	genus	0.1552	abund	0.1552	0.0826	DYN_0024_D01.fastq	DYN_0024_D01	illumina	sylph	unified	sylph_unified
2569097	2569097	Anaerobutyricum	Anaerobutyricum	genus	0.1311	abund	0.1311	0.1187	DYN_0024_D01.fastq	DYN_0024_D01	illumina	sylph	unified	sylph_unified
2717089	2717089	Massilistercora	Massilistercora	genus	0.1126	abund	0.1126	0.0817	DYN_0024_D01.fastq	DYN_0024_D01	illumina	sylph	unified	sylph_unified
2719313	2719313	Enterocloster	Enterocloster	genus	0.2155	abund	0.2155	0.3671	DYN_0024_D01.fastq	DYN_0024_D01	illumina	sylph	unified	sylph_unified
2733108	2733108	Lagaffevirus	Lagaffevirus	genus	0.1797	abund	0.1797	0.0023	DYN_0024_D01.fastq	DYN_0024_D01	illumina	sylph	unified	sylph_unified
2749267	2749267	Amedibacterium	Amedibacterium	genus	0.2669	abund	0.2669	0.1739	DYN_0024_D01.fastq	DYN_0024_D01	illumina	sylph	unified	sylph_unified
2759736	2759736	Lacticaseibacillus	Lacticaseibacillus	genus	2.7392	abund	2.7392	2.1742	DYN_0024_D01.fastq	DYN_0024_D01	illumina	sylph	unified	sylph_unified
2944198	2944198	Wansuia	Wansuia	genus	0.0849	abund	0.0849	0.0878	DYN_0024_D01.fastq	DYN_0024_D01	illumina	sylph	unified	sylph_unified
2992720	2992720	Acidilutibacter	Acidilutibacter	genus	0.0181	abund	0.0181	0.0178	DYN_0024_D01.fastq	DYN_0024_D01	illumina	sylph	unified	sylph_unified
3025755	3025755	Thomasclavelia	Thomasclavelia	genus	0.375	abund	0.375	0.2658999999999999	DYN_0024_D01.fastq	DYN_0024_D01	illumina	sylph	unified	sylph_unified
0	0	Candidatus Nanosynbacter	Candidatus	genus	0.006	abund	0.006	0.0009	DYN_0036_D05.fastq	DYN_0036_D05	illumina	sylph	unified	sylph_unified
194	194	Campylobacter	Campylobacter	genus	0.2001	abund	0.2001	0.0891	DYN_0036_D05.fastq	DYN_0036_D05	illumina	sylph	unified	sylph_unified
544	544	Citrobacter	Citrobacter	genus	2.4453	abund	2.4453	2.631	DYN_0036_D05.fastq	DYN_0036_D05	illumina	sylph	unified	sylph_unified
547	547	Enterobacter	Enterobacter	genus	0.9628	abund	0.9628	1.1082	DYN_0036_D05.fastq	DYN_0036_D05	illumina	sylph	unified	sylph_unified
570	570	Klebsiella	Klebsiella	genus	29.7552	abund	29.7552	37.2332	DYN_0036_D05.fastq	DYN_0036_D05	illumina	sylph	unified	sylph_unified
581	581	Morganella	Morganella	genus	0.5001	abund	0.5001	0.4466	DYN_0036_D05.fastq	DYN_0036_D05	illumina	sylph	unified	sylph_unified
724	724	Haemophilus	Haemophilus	genus	0.3214999999999999	abund	0.3214999999999999	0.1484	DYN_0036_D05.fastq	DYN_0036_D05	illumina	sylph	unified	sylph_unified
816	816	Bacteroides	Bacteroides	genus	31.277	abund	31.277	41.7707	DYN_0036_D05.fastq	DYN_0036_D05	illumina	sylph	unified	sylph_unified
848	848	Fusobacterium	Fusobacterium	genus	0.3932	abund	0.3932	0.2105	DYN_0036_D05.fastq	DYN_0036_D05	illumina	sylph	unified	sylph_unified
970	970	Selenomonas	Selenomonas	genus	0.0056	abund	0.0056	0.0032	DYN_0036_D05.fastq	DYN_0036_D05	illumina	sylph	unified	sylph_unified
1301	1301	Streptococcus	Streptococcus	genus	0.1206	abund	0.1206	0.0561	DYN_0036_D05.fastq	DYN_0036_D05	illumina	sylph	unified	sylph_unified
1350	1350	Enterococcus	Enterococcus	genus	0.2143	abund	0.2143	0.1361	DYN_0036_D05.fastq	DYN_0036_D05	illumina	sylph	unified	sylph_unified
1485	1485	Clostridium	Clostridium	genus	0.0303	abund	0.0303	0.0274	DYN_0036_D05.fastq	DYN_0036_D05	illumina	sylph	unified	sylph_unified
1654	1654	Actinomyces	Actinomyces	genus	0.0500999999999999	abund	0.0500999999999999	0.0303	DYN_0036_D05.fastq	DYN_0036_D05	illumina	sylph	unified	sylph_unified
1678	1678	Bifidobacterium	Bifidobacterium	genus	8.9921	abund	8.9921	4.6507	DYN_0036_D05.fastq	DYN_0036_D05	illumina	sylph	unified	sylph_unified
1716	1716	Corynebacterium	Corynebacterium	genus	0.0155	abund	0.0155	0.0071	DYN_0036_D05.fastq	DYN_0036_D05	illumina	sylph	unified	sylph_unified
2717	2717	Cardiobacterium	Cardiobacterium	genus	0.0234	abund	0.0234	0.014	DYN_0036_D05.fastq	DYN_0036_D05	illumina	sylph	unified	sylph_unified
29465	29465	Veillonella	Veillonella	genus	17.6456	abund	17.6456	8.5637	DYN_0036_D05.fastq	DYN_0036_D05	illumina	sylph	unified	sylph_unified
32207	32207	Rothia	Rothia	genus	0.0335	abund	0.0335	0.0188	DYN_0036_D05.fastq	DYN_0036_D05	illumina	sylph	unified	sylph_unified
44249	44249	Paenibacillus	Paenibacillus	genus	0.0034	abund	0.0034	0.0054	DYN_0036_D05.fastq	DYN_0036_D05	illumina	sylph	unified	sylph_unified
84162	84162	Cryptobacterium	Cryptobacterium	genus	0.0663	abund	0.0663	0.0242	DYN_0036_D05.fastq	DYN_0036_D05	illumina	sylph	unified	sylph_unified
86331	86331	Mogibacterium	Mogibacterium	genus	0.0273	abund	0.0273	0.0112	DYN_0036_D05.fastq	DYN_0036_D05	illumina	sylph	unified	sylph_unified
133925	133925	Olsenella	Olsenella	genus	0.0629	abund	0.0629	0.0292	DYN_0036_D05.fastq	DYN_0036_D05	illumina	sylph	unified	sylph_unified
698776	698776	Cellulosilyticum	Cellulosilyticum	genus	0.9508	abund	0.9508	1.0123	DYN_0036_D05.fastq	DYN_0036_D05	illumina	sylph	unified	sylph_unified
1276290	1276290	Caldibacillus	Caldibacillus	genus	0.0061	abund	0.0061	0.0055	DYN_0036_D05.fastq	DYN_0036_D05	illumina	sylph	unified	sylph_unified
1392389	1392389	Intestinimonas	Intestinimonas	genus	0.5103	abund	0.5103	0.3664	DYN_0036_D05.fastq	DYN_0036_D05	illumina	sylph	unified	sylph_unified
1505657	1505657	Intestinibacter	Intestinibacter	genus	0.1801	abund	0.1801	0.1223	DYN_0036_D05.fastq	DYN_0036_D05	illumina	sylph	unified	sylph_unified
1623303	1623303	Brussowvirus	Brussowvirus	genus	1.5638	abund	1.5638	0.0126	DYN_0036_D05.fastq	DYN_0036_D05	illumina	sylph	unified	sylph_unified
2529408	2529408	Schaalia	Schaalia	genus	0.0666	abund	0.0666	0.0365	DYN_0036_D05.fastq	DYN_0036_D05	illumina	sylph	unified	sylph_unified
2692113	2692113	Gleimia	Gleimia	genus	0.0335	abund	0.0335	0.0158	DYN_0036_D05.fastq	DYN_0036_D05	illumina	sylph	unified	sylph_unified
2759736	2759736	Lacticaseibacillus	Lacticaseibacillus	genus	0.0024	abund	0.0024	0.0015	DYN_0036_D05.fastq	DYN_0036_D05	illumina	sylph	unified	sylph_unified
2767353	2767353	Lancefieldella	Lancefieldella	genus	3.4209	abund	3.4209	1.1927	DYN_0036_D05.fastq	DYN_0036_D05	illumina	sylph	unified	sylph_unified
2888809	2888809	Novisyntrophococcus	Novisyntrophococcus	genus	0.0227	abund	0.0227	0.0175	DYN_0036_D05.fastq	DYN_0036_D05	illumina	sylph	unified	sylph_unified
0	0	Candidatus Nanosynbacter	Candidatus	genus	0.0074	abund	0.0074	0.0013	DYN_0036_D08.fastq	DYN_0036_D08	illumina	sylph	unified	sylph_unified
194	194	Campylobacter	Campylobacter	genus	0.3231	abund	0.3231	0.1441	DYN_0036_D08.fastq	DYN_0036_D08	illumina	sylph	unified	sylph_unified
544	544	Citrobacter	Citrobacter	genus	2.5386	abund	2.5386	2.7615	DYN_0036_D08.fastq	DYN_0036_D08	illumina	sylph	unified	sylph_unified
547	547	Enterobacter	Enterobacter	genus	13.4837	abund	13.4837	15.5514	DYN_0036_D08.fastq	DYN_0036_D08	illumina	sylph	unified	sylph_unified
570	570	Klebsiella	Klebsiella	genus	18.421	abund	18.421	23.0979	DYN_0036_D08.fastq	DYN_0036_D08	illumina	sylph	unified	sylph_unified
581	581	Morganella	Morganella	genus	2.1748	abund	2.1748	1.9459	DYN_0036_D08.fastq	DYN_0036_D08	illumina	sylph	unified	sylph_unified
724	724	Haemophilus	Haemophilus	genus	0.0552	abund	0.0552	0.0252	DYN_0036_D08.fastq	DYN_0036_D08	illumina	sylph	unified	sylph_unified
816	816	Bacteroides	Bacteroides	genus	30.7081	abund	30.7081	41.0924	DYN_0036_D08.fastq	DYN_0036_D08	illumina	sylph	unified	sylph_unified
838	838	Prevotella	Prevotella	genus	0.0063	abund	0.0063	0.0041	DYN_0036_D08.fastq	DYN_0036_D08	illumina	sylph	unified	sylph_unified
848	848	Fusobacterium	Fusobacterium	genus	0.1969	abund	0.1969	0.1075	DYN_0036_D08.fastq	DYN_0036_D08	illumina	sylph	unified	sylph_unified
970	970	Selenomonas	Selenomonas	genus	0.0717	abund	0.0717	0.0408	DYN_0036_D08.fastq	DYN_0036_D08	illumina	sylph	unified	sylph_unified
1301	1301	Streptococcus	Streptococcus	genus	0.0991	abund	0.0991	0.045	DYN_0036_D08.fastq	DYN_0036_D08	illumina	sylph	unified	sylph_unified
1350	1350	Enterococcus	Enterococcus	genus	0.2282	abund	0.2282	0.1448	DYN_0036_D08.fastq	DYN_0036_D08	illumina	sylph	unified	sylph_unified
1485	1485	Clostridium	Clostridium	genus	0.0264	abund	0.0264	0.0243	DYN_0036_D08.fastq	DYN_0036_D08	illumina	sylph	unified	sylph_unified
1578	1578	Lactobacillus	Lactobacillus	genus	0.0101	abund	0.0101	0.0048	DYN_0036_D08.fastq	DYN_0036_D08	illumina	sylph	unified	sylph_unified
1654	1654	Actinomyces	Actinomyces	genus	0.0550999999999999	abund	0.0550999999999999	0.0289	DYN_0036_D08.fastq	DYN_0036_D08	illumina	sylph	unified	sylph_unified
1678	1678	Bifidobacterium	Bifidobacterium	genus	2.7837	abund	2.7837	1.4203	DYN_0036_D08.fastq	DYN_0036_D08	illumina	sylph	unified	sylph_unified
1716	1716	Corynebacterium	Corynebacterium	genus	0.0462	abund	0.0462	0.0212	DYN_0036_D08.fastq	DYN_0036_D08	illumina	sylph	unified	sylph_unified
2717	2717	Cardiobacterium	Cardiobacterium	genus	0.0083	abund	0.0083	0.005	DYN_0036_D08.fastq	DYN_0036_D08	illumina	sylph	unified	sylph_unified
29465	29465	Veillonella	Veillonella	genus	13.4811	abund	13.4811	6.565200000000001	DYN_0036_D08.fastq	DYN_0036_D08	illumina	sylph	unified	sylph_unified
32207	32207	Rothia	Rothia	genus	0.0264	abund	0.0264	0.0148	DYN_0036_D08.fastq	DYN_0036_D08	illumina	sylph	unified	sylph_unified
44249	44249	Paenibacillus	Paenibacillus	genus	0.0056	abund	0.0056	0.0091	DYN_0036_D08.fastq	DYN_0036_D08	illumina	sylph	unified	sylph_unified
46123	46123	Abiotrophia	Abiotrophia	genus	0.0034	abund	0.0034	0.0016	DYN_0036_D08.fastq	DYN_0036_D08	illumina	sylph	unified	sylph_unified
84162	84162	Cryptobacterium	Cryptobacterium	genus	0.0491	abund	0.0491	0.018	DYN_0036_D08.fastq	DYN_0036_D08	illumina	sylph	unified	sylph_unified
86331	86331	Mogibacterium	Mogibacterium	genus	0.0237	abund	0.0237	0.0097	DYN_0036_D08.fastq	DYN_0036_D08	illumina	sylph	unified	sylph_unified
117563	117563	Granulicatella	Granulicatella	genus	0.0043	abund	0.0043	0.0019	DYN_0036_D08.fastq	DYN_0036_D08	illumina	sylph	unified	sylph_unified
123375	123375	Solobacterium	Solobacterium	genus	0.0161	abund	0.0161	0.0096	DYN_0036_D08.fastq	DYN_0036_D08	illumina	sylph	unified	sylph_unified
133925	133925	Olsenella	Olsenella	genus	0.0647	abund	0.0647	0.0301	DYN_0036_D08.fastq	DYN_0036_D08	illumina	sylph	unified	sylph_unified
698776	698776	Cellulosilyticum	Cellulosilyticum	genus	0.0037	abund	0.0037	0.004	DYN_0036_D08.fastq	DYN_0036_D08	illumina	sylph	unified	sylph_unified
1392389	1392389	Intestinimonas	Intestinimonas	genus	4.7845	abund	4.7845	3.4418	DYN_0036_D08.fastq	DYN_0036_D08	illumina	sylph	unified	sylph_unified
1505657	1505657	Intestinibacter	Intestinibacter	genus	0.1182	abund	0.1182	0.0804	DYN_0036_D08.fastq	DYN_0036_D08	illumina	sylph	unified	sylph_unified
1623303	1623303	Brussowvirus	Brussowvirus	genus	0.7965	abund	0.7965	0.0064	DYN_0036_D08.fastq	DYN_0036_D08	illumina	sylph	unified	sylph_unified
2529408	2529408	Schaalia	Schaalia	genus	0.2834	abund	0.2834	0.1559	DYN_0036_D08.fastq	DYN_0036_D08	illumina	sylph	unified	sylph_unified
2692113	2692113	Gleimia	Gleimia	genus	0.0312	abund	0.0312	0.0147	DYN_0036_D08.fastq	DYN_0036_D08	illumina	sylph	unified	sylph_unified
2767353	2767353	Lancefieldella	Lancefieldella	genus	8.8732	abund	8.8732	3.0997	DYN_0036_D08.fastq	DYN_0036_D08	illumina	sylph	unified	sylph_unified
2767885	2767885	Latilactobacillus	Latilactobacillus	genus	0.0172	abund	0.0172	0.0083	DYN_0036_D08.fastq	DYN_0036_D08	illumina	sylph	unified	sylph_unified
2888809	2888809	Novisyntrophococcus	Novisyntrophococcus	genus	0.0663	abund	0.0663	0.0513	DYN_0036_D08.fastq	DYN_0036_D08	illumina	sylph	unified	sylph_unified
2974251	2974251	Segatella	Segatella	genus	0.0086	abund	0.0086	0.0062	DYN_0036_D08.fastq	DYN_0036_D08	illumina	sylph	unified	sylph_unified
3034001	3034001	Caldifermentibacillus	Caldifermentibacillus	genus	0.0045	abund	0.0045	0.0039	DYN_0036_D08.fastq	DYN_0036_D08	illumina	sylph	unified	sylph_unified
194	194	Campylobacter	Campylobacter	genus	0.4553	abund	0.4553	0.192	DYN_0036_D11.fastq	DYN_0036_D11	illumina	sylph	unified	sylph_unified
544	544	Citrobacter	Citrobacter	genus	5.5737	abund	5.5737	5.754899999999999	DYN_0036_D11.fastq	DYN_0036_D11	illumina	sylph	unified	sylph_unified
547	547	Enterobacter	Enterobacter	genus	20.0773	abund	20.0773	21.8932	DYN_0036_D11.fastq	DYN_0036_D11	illumina	sylph	unified	sylph_unified
570	570	Klebsiella	Klebsiella	genus	13.9586	abund	13.9586	15.3261	DYN_0036_D11.fastq	DYN_0036_D11	illumina	sylph	unified	sylph_unified
581	581	Morganella	Morganella	genus	3.7851	abund	3.7851	3.202	DYN_0036_D11.fastq	DYN_0036_D11	illumina	sylph	unified	sylph_unified
724	724	Haemophilus	Haemophilus	genus	0.1773	abund	0.1773	0.0798	DYN_0036_D11.fastq	DYN_0036_D11	illumina	sylph	unified	sylph_unified
816	816	Bacteroides	Bacteroides	genus	34.7239	abund	34.7239	43.932	DYN_0036_D11.fastq	DYN_0036_D11	illumina	sylph	unified	sylph_unified
848	848	Fusobacterium	Fusobacterium	genus	0.7229	abund	0.7229	0.3626	DYN_0036_D11.fastq	DYN_0036_D11	illumina	sylph	unified	sylph_unified
970	970	Selenomonas	Selenomonas	genus	0.0317	abund	0.0317	0.0177	DYN_0036_D11.fastq	DYN_0036_D11	illumina	sylph	unified	sylph_unified
1301	1301	Streptococcus	Streptococcus	genus	0.0472999999999999	abund	0.0472999999999999	0.0195	DYN_0036_D11.fastq	DYN_0036_D11	illumina	sylph	unified	sylph_unified
1350	1350	Enterococcus	Enterococcus	genus	0.4672	abund	0.4672	0.2921	DYN_0036_D11.fastq	DYN_0036_D11	illumina	sylph	unified	sylph_unified
1485	1485	Clostridium	Clostridium	genus	0.0468	abund	0.0468	0.0408	DYN_0036_D11.fastq	DYN_0036_D11	illumina	sylph	unified	sylph_unified
1578	1578	Lactobacillus	Lactobacillus	genus	0.0026	abund	0.0026	0.0012	DYN_0036_D11.fastq	DYN_0036_D11	illumina	sylph	unified	sylph_unified
1654	1654	Actinomyces	Actinomyces	genus	0.1214	abund	0.1214	0.052	DYN_0036_D11.fastq	DYN_0036_D11	illumina	sylph	unified	sylph_unified
1678	1678	Bifidobacterium	Bifidobacterium	genus	3.7028	abund	3.7028	1.7861	DYN_0036_D11.fastq	DYN_0036_D11	illumina	sylph	unified	sylph_unified
1716	1716	Corynebacterium	Corynebacterium	genus	0.0832	abund	0.0832	0.0362	DYN_0036_D11.fastq	DYN_0036_D11	illumina	sylph	unified	sylph_unified
2717	2717	Cardiobacterium	Cardiobacterium	genus	0.006	abund	0.006	0.0034	DYN_0036_D11.fastq	DYN_0036_D11	illumina	sylph	unified	sylph_unified
29465	29465	Veillonella	Veillonella	genus	6.3046	abund	6.3046	2.8929	DYN_0036_D11.fastq	DYN_0036_D11	illumina	sylph	unified	sylph_unified
32207	32207	Rothia	Rothia	genus	0.0033	abund	0.0033	0.0016	DYN_0036_D11.fastq	DYN_0036_D11	illumina	sylph	unified	sylph_unified
44249	44249	Paenibacillus	Paenibacillus	genus	0.113	abund	0.113	0.172	DYN_0036_D11.fastq	DYN_0036_D11	illumina	sylph	unified	sylph_unified
46123	46123	Abiotrophia	Abiotrophia	genus	0.0106	abund	0.0106	0.0046	DYN_0036_D11.fastq	DYN_0036_D11	illumina	sylph	unified	sylph_unified
84162	84162	Cryptobacterium	Cryptobacterium	genus	0.0113	abund	0.0113	0.0039	DYN_0036_D11.fastq	DYN_0036_D11	illumina	sylph	unified	sylph_unified
86331	86331	Mogibacterium	Mogibacterium	genus	0.0623	abund	0.0623	0.0236	DYN_0036_D11.fastq	DYN_0036_D11	illumina	sylph	unified	sylph_unified
123375	123375	Solobacterium	Solobacterium	genus	0.0218	abund	0.0218	0.0122	DYN_0036_D11.fastq	DYN_0036_D11	illumina	sylph	unified	sylph_unified
133925	133925	Olsenella	Olsenella	genus	0.0605	abund	0.0605	0.0266	DYN_0036_D11.fastq	DYN_0036_D11	illumina	sylph	unified	sylph_unified
1392389	1392389	Intestinimonas	Intestinimonas	genus	3.6205	abund	3.6205	2.4624	DYN_0036_D11.fastq	DYN_0036_D11	illumina	sylph	unified	sylph_unified
1505657	1505657	Intestinibacter	Intestinibacter	genus	0.3342	abund	0.3342	0.2149	DYN_0036_D11.fastq	DYN_0036_D11	illumina	sylph	unified	sylph_unified
1623303	1623303	Brussowvirus	Brussowvirus	genus	2.3862	abund	2.3862	0.0181	DYN_0036_D11.fastq	DYN_0036_D11	illumina	sylph	unified	sylph_unified
2316020	2316020	Mediterraneibacter	Mediterraneibacter	genus	0.0062	abund	0.0062	0.0044	DYN_0036_D11.fastq	DYN_0036_D11	illumina	sylph	unified	sylph_unified
2529408	2529408	Schaalia	Schaalia	genus	0.3418	abund	0.3418	0.1777	DYN_0036_D11.fastq	DYN_0036_D11	illumina	sylph	unified	sylph_unified
2692113	2692113	Gleimia	Gleimia	genus	0.0415	abund	0.0415	0.0185	DYN_0036_D11.fastq	DYN_0036_D11	illumina	sylph	unified	sylph_unified
2767353	2767353	Lancefieldella	Lancefieldella	genus	2.304	abund	2.304	0.761	DYN_0036_D11.fastq	DYN_0036_D11	illumina	sylph	unified	sylph_unified
2767885	2767885	Latilactobacillus	Latilactobacillus	genus	0.0076	abund	0.0076	0.0033	DYN_0036_D11.fastq	DYN_0036_D11	illumina	sylph	unified	sylph_unified
2888809	2888809	Novisyntrophococcus	Novisyntrophococcus	genus	0.2723	abund	0.2723	0.1992	DYN_0036_D11.fastq	DYN_0036_D11	illumina	sylph	unified	sylph_unified
3034001	3034001	Caldifermentibacillus	Caldifermentibacillus	genus	0.0128	abund	0.0128	0.0107	DYN_0036_D11.fastq	DYN_0036_D11	illumina	sylph	unified	sylph_unified
194	194	Campylobacter	Campylobacter	genus	0.0769	abund	0.0769	0.0309	DYN_0036_D14.fastq	DYN_0036_D14	illumina	sylph	unified	sylph_unified
544	544	Citrobacter	Citrobacter	genus	3.6825	abund	3.6825	3.6144	DYN_0036_D14.fastq	DYN_0036_D14	illumina	sylph	unified	sylph_unified
547	547	Enterobacter	Enterobacter	genus	0.7473	abund	0.7473	0.7772	DYN_0036_D14.fastq	DYN_0036_D14	illumina	sylph	unified	sylph_unified
570	570	Klebsiella	Klebsiella	genus	52.3236	abund	52.3236	59.1642	DYN_0036_D14.fastq	DYN_0036_D14	illumina	sylph	unified	sylph_unified
581	581	Morganella	Morganella	genus	1.8851	abund	1.8851	1.521	DYN_0036_D14.fastq	DYN_0036_D14	illumina	sylph	unified	sylph_unified
724	724	Haemophilus	Haemophilus	genus	0.1127	abund	0.1127	0.0484	DYN_0036_D14.fastq	DYN_0036_D14	illumina	sylph	unified	sylph_unified
816	816	Bacteroides	Bacteroides	genus	19.4803	abund	19.4803	23.5223	DYN_0036_D14.fastq	DYN_0036_D14	illumina	sylph	unified	sylph_unified
848	848	Fusobacterium	Fusobacterium	genus	0.3214	abund	0.3214	0.1621	DYN_0036_D14.fastq	DYN_0036_D14	illumina	sylph	unified	sylph_unified
970	970	Selenomonas	Selenomonas	genus	0.12	abund	0.12	0.064	DYN_0036_D14.fastq	DYN_0036_D14	illumina	sylph	unified	sylph_unified
1301	1301	Streptococcus	Streptococcus	genus	0.3072999999999999	abund	0.3072999999999999	0.1217	DYN_0036_D14.fastq	DYN_0036_D14	illumina	sylph	unified	sylph_unified
1350	1350	Enterococcus	Enterococcus	genus	0.7992000000000001	abund	0.7992000000000001	0.5116999999999999	DYN_0036_D14.fastq	DYN_0036_D14	illumina	sylph	unified	sylph_unified
1485	1485	Clostridium	Clostridium	genus	0.0399	abund	0.0399	0.0338	DYN_0036_D14.fastq	DYN_0036_D14	illumina	sylph	unified	sylph_unified
1578	1578	Lactobacillus	Lactobacillus	genus	0.0114	abund	0.0114	0.005	DYN_0036_D14.fastq	DYN_0036_D14	illumina	sylph	unified	sylph_unified
1654	1654	Actinomyces	Actinomyces	genus	0.0929	abund	0.0929	0.0401	DYN_0036_D14.fastq	DYN_0036_D14	illumina	sylph	unified	sylph_unified
1678	1678	Bifidobacterium	Bifidobacterium	genus	1.9418	abund	1.9418	0.8934	DYN_0036_D14.fastq	DYN_0036_D14	illumina	sylph	unified	sylph_unified
1716	1716	Corynebacterium	Corynebacterium	genus	0.1241	abund	0.1241	0.0515	DYN_0036_D14.fastq	DYN_0036_D14	illumina	sylph	unified	sylph_unified
2717	2717	Cardiobacterium	Cardiobacterium	genus	0.0091	abund	0.0091	0.0049	DYN_0036_D14.fastq	DYN_0036_D14	illumina	sylph	unified	sylph_unified
29465	29465	Veillonella	Veillonella	genus	6.9058	abund	6.9058	3.1041	DYN_0036_D14.fastq	DYN_0036_D14	illumina	sylph	unified	sylph_unified
32207	32207	Rothia	Rothia	genus	0.0339	abund	0.0339	0.0162	DYN_0036_D14.fastq	DYN_0036_D14	illumina	sylph	unified	sylph_unified
86331	86331	Mogibacterium	Mogibacterium	genus	0.0714	abund	0.0714	0.0258	DYN_0036_D14.fastq	DYN_0036_D14	illumina	sylph	unified	sylph_unified
123375	123375	Solobacterium	Solobacterium	genus	0.0215	abund	0.0215	0.0115	DYN_0036_D14.fastq	DYN_0036_D14	illumina	sylph	unified	sylph_unified
133925	133925	Olsenella	Olsenella	genus	0.0604	abund	0.0604	0.0253	DYN_0036_D14.fastq	DYN_0036_D14	illumina	sylph	unified	sylph_unified
698776	698776	Cellulosilyticum	Cellulosilyticum	genus	0.0949	abund	0.0949	0.0913	DYN_0036_D14.fastq	DYN_0036_D14	illumina	sylph	unified	sylph_unified
1392389	1392389	Intestinimonas	Intestinimonas	genus	2.461	abund	2.461	1.5964	DYN_0036_D14.fastq	DYN_0036_D14	illumina	sylph	unified	sylph_unified
1505657	1505657	Intestinibacter	Intestinibacter	genus	0.3476	abund	0.3476	0.2133	DYN_0036_D14.fastq	DYN_0036_D14	illumina	sylph	unified	sylph_unified
1623303	1623303	Brussowvirus	Brussowvirus	genus	1.0009	abund	1.0009	0.0073	DYN_0036_D14.fastq	DYN_0036_D14	illumina	sylph	unified	sylph_unified
2316020	2316020	Mediterraneibacter	Mediterraneibacter	genus	5.8791	abund	5.8791	3.9632	DYN_0036_D14.fastq	DYN_0036_D14	illumina	sylph	unified	sylph_unified
2529408	2529408	Schaalia	Schaalia	genus	0.0439	abund	0.0439	0.0218	DYN_0036_D14.fastq	DYN_0036_D14	illumina	sylph	unified	sylph_unified
2692113	2692113	Gleimia	Gleimia	genus	0.026	abund	0.026	0.011	DYN_0036_D14.fastq	DYN_0036_D14	illumina	sylph	unified	sylph_unified
2759736	2759736	Lacticaseibacillus	Lacticaseibacillus	genus	0.023	abund	0.023	0.0141	DYN_0036_D14.fastq	DYN_0036_D14	illumina	sylph	unified	sylph_unified
2767353	2767353	Lancefieldella	Lancefieldella	genus	0.6383	abund	0.6383	0.2011	DYN_0036_D14.fastq	DYN_0036_D14	illumina	sylph	unified	sylph_unified
2888809	2888809	Novisyntrophococcus	Novisyntrophococcus	genus	0.1863	abund	0.1863	0.13	DYN_0036_D14.fastq	DYN_0036_D14	illumina	sylph	unified	sylph_unified
194	194	Campylobacter	Campylobacter	genus	0.3168	abund	0.3168	0.1239	DYN_0036_D16.fastq	DYN_0036_D16	illumina	sylph	unified	sylph_unified
544	544	Citrobacter	Citrobacter	genus	4.649699999999999	abund	4.649699999999999	4.421200000000001	DYN_0036_D16.fastq	DYN_0036_D16	illumina	sylph	unified	sylph_unified
547	547	Enterobacter	Enterobacter	genus	0.0791	abund	0.0791	0.08	DYN_0036_D16.fastq	DYN_0036_D16	illumina	sylph	unified	sylph_unified
570	570	Klebsiella	Klebsiella	genus	41.2927	abund	41.2927	45.4211	DYN_0036_D16.fastq	DYN_0036_D16	illumina	sylph	unified	sylph_unified
581	581	Morganella	Morganella	genus	1.107	abund	1.107	0.8687	DYN_0036_D16.fastq	DYN_0036_D16	illumina	sylph	unified	sylph_unified
724	724	Haemophilus	Haemophilus	genus	0.0535	abund	0.0535	0.0228	DYN_0036_D16.fastq	DYN_0036_D16	illumina	sylph	unified	sylph_unified
816	816	Bacteroides	Bacteroides	genus	31.3348	abund	31.3348	37.2899	DYN_0036_D16.fastq	DYN_0036_D16	illumina	sylph	unified	sylph_unified
848	848	Fusobacterium	Fusobacterium	genus	0.3558	abund	0.3558	0.1648	DYN_0036_D16.fastq	DYN_0036_D16	illumina	sylph	unified	sylph_unified
970	970	Selenomonas	Selenomonas	genus	0.2773	abund	0.2773	0.1439	DYN_0036_D16.fastq	DYN_0036_D16	illumina	sylph	unified	sylph_unified
1301	1301	Streptococcus	Streptococcus	genus	0.1649	abund	0.1649	0.0678	DYN_0036_D16.fastq	DYN_0036_D16	illumina	sylph	unified	sylph_unified
1350	1350	Enterococcus	Enterococcus	genus	0.6985	abund	0.6985	0.4347000000000001	DYN_0036_D16.fastq	DYN_0036_D16	illumina	sylph	unified	sylph_unified
1485	1485	Clostridium	Clostridium	genus	0.0418	abund	0.0418	0.034	DYN_0036_D16.fastq	DYN_0036_D16	illumina	sylph	unified	sylph_unified
1654	1654	Actinomyces	Actinomyces	genus	0.0676	abund	0.0676	0.0293	DYN_0036_D16.fastq	DYN_0036_D16	illumina	sylph	unified	sylph_unified
1678	1678	Bifidobacterium	Bifidobacterium	genus	1.9205	abund	1.9205	0.8594	DYN_0036_D16.fastq	DYN_0036_D16	illumina	sylph	unified	sylph_unified
1716	1716	Corynebacterium	Corynebacterium	genus	0.0924	abund	0.0924	0.0373	DYN_0036_D16.fastq	DYN_0036_D16	illumina	sylph	unified	sylph_unified
29465	29465	Veillonella	Veillonella	genus	7.164600000000001	abund	7.164600000000001	3.1295000000000006	DYN_0036_D16.fastq	DYN_0036_D16	illumina	sylph	unified	sylph_unified
32207	32207	Rothia	Rothia	genus	0.0419	abund	0.0419	0.0197999999999999	DYN_0036_D16.fastq	DYN_0036_D16	illumina	sylph	unified	sylph_unified
84162	84162	Cryptobacterium	Cryptobacterium	genus	0.0137	abund	0.0137	0.0044	DYN_0036_D16.fastq	DYN_0036_D16	illumina	sylph	unified	sylph_unified
86331	86331	Mogibacterium	Mogibacterium	genus	0.0725	abund	0.0725	0.0255	DYN_0036_D16.fastq	DYN_0036_D16	illumina	sylph	unified	sylph_unified
133925	133925	Olsenella	Olsenella	genus	0.1147	abund	0.1147	0.0467	DYN_0036_D16.fastq	DYN_0036_D16	illumina	sylph	unified	sylph_unified
909656	909656	Phocaeicola	Phocaeicola	genus	1.5162	abund	1.5162	1.5979	DYN_0036_D16.fastq	DYN_0036_D16	illumina	sylph	unified	sylph_unified
1392389	1392389	Intestinimonas	Intestinimonas	genus	4.1443	abund	4.1443	2.6146	DYN_0036_D16.fastq	DYN_0036_D16	illumina	sylph	unified	sylph_unified
1505657	1505657	Intestinibacter	Intestinibacter	genus	0.1013	abund	0.1013	0.0604	DYN_0036_D16.fastq	DYN_0036_D16	illumina	sylph	unified	sylph_unified
1623303	1623303	Brussowvirus	Brussowvirus	genus	0.3401	abund	0.3401	0.0024	DYN_0036_D16.fastq	DYN_0036_D16	illumina	sylph	unified	sylph_unified
2316020	2316020	Mediterraneibacter	Mediterraneibacter	genus	3.3356	abund	3.3356	2.1869	DYN_0036_D16.fastq	DYN_0036_D16	illumina	sylph	unified	sylph_unified
2529408	2529408	Schaalia	Schaalia	genus	0.0877	abund	0.0877	0.0423	DYN_0036_D16.fastq	DYN_0036_D16	illumina	sylph	unified	sylph_unified
2692113	2692113	Gleimia	Gleimia	genus	0.0149	abund	0.0149	0.0062	DYN_0036_D16.fastq	DYN_0036_D16	illumina	sylph	unified	sylph_unified
2767353	2767353	Lancefieldella	Lancefieldella	genus	0.383	abund	0.383	0.1173	DYN_0036_D16.fastq	DYN_0036_D16	illumina	sylph	unified	sylph_unified
2888809	2888809	Novisyntrophococcus	Novisyntrophococcus	genus	0.2171	abund	0.2171	0.1474	DYN_0036_D16.fastq	DYN_0036_D16	illumina	sylph	unified	sylph_unified
