tool,db,tool_db,data_type,project,technology,sample,taxid_raw,taxid,name_raw,name,rank,value,value_type,abundance_raw,lineage_raw,query_name,query_md5,query_filename,fraction_raw,f_weighted_raw,bp_match_at_rank,query_ani_at_rank,total_weighted_hashes,norm_abund,classified_fraction
Sourmash,unified,Sourmash_unified,ZymoMockD6331,ZymoMockD6331,ont,D6331_Qiagen,,562,Escherichia coli,Escherichia coli,species,17.92014683409203,abund_weighted,0.1792014683409203,;Pseudomonadota;Gammaproteobacteria;Enterobacterales;Enterobacteriaceae;Escherichia;Escherichia coli,,9bed66ac,/dodo/eh58/bakeoff/data/ZymoMockD6331/ont/D6331_Qiagen.fastq,0.0341074677489729,0.1792014683409203,8286000,0.896752433278436,1236770,21.50308432958767,0.8333756478569164
Sourmash,unified,Sourmash_unified,ZymoMockD6331,ZymoMockD6331,ont,D6331_Qiagen,,817,Bacteroides fragilis,Bacteroides fragilis,species,20.269654018127863,abund_weighted,0.2026965401812786,;Bacteroidota;Bacteroidia;Bacteroidales;Bacteroidaceae;Bacteroides;Bacteroides fragilis,,9bed66ac,/dodo/eh58/bakeoff/data/ZymoMockD6331/ont/D6331_Qiagen.fastq,0.0210424058813359,0.2026965401812786,5112000,0.8828894006393638,1236770,24.32234979538062,0.8333756478569164
Sourmash,unified,Sourmash_unified,ZymoMockD6331,ZymoMockD6331,ont,D6331_Qiagen,,1496,Clostridioides difficile,Clostridioides difficile,species,1.7014481269759099,abund_weighted,0.0170144812697591,;Bacillota;Clostridia;Peptostreptococcales;Peptostreptococcaceae;Clostridioides;Clostridioides difficile,,9bed66ac,/dodo/eh58/bakeoff/data/ZymoMockD6331/ont/D6331_Qiagen.fastq,0.0165638969613646,0.0170144812697591,4024000,0.876099897825521,1236770,2.0416340834428057,0.8333756478569164
Sourmash,unified,Sourmash_unified,ZymoMockD6331,ZymoMockD6331,ont,D6331_Qiagen,,301301,Roseburia hominis,Roseburia hominis,species,1.4359177535030698,abund_weighted,0.0143591775350307,;Bacillota;Clostridia;Lachnospirales;Lachnospiraceae;Roseburia;Roseburia hominis,,9bed66ac,/dodo/eh58/bakeoff/data/ZymoMockD6331/ont/D6331_Qiagen.fastq,0.0141929216507915,0.0143591775350307,3448000,0.8717448955606094,1236770,1.7230138139932845,0.8333756478569164
Sourmash,unified,Sourmash_unified,ZymoMockD6331,ZymoMockD6331,ont,D6331_Qiagen,,5476,Candida albicans,Candida albicans,species,0.30523056024968,abund_weighted,0.0030523056024968,;Ascomycota;Pichiomycetes;Serinales;Debaryomycetaceae;Candida;Candida albicans,,9bed66ac,/dodo/eh58/bakeoff/data/ZymoMockD6331/ont/D6331_Qiagen.fastq,0.012377643678634,0.0030523056024968,3007000,0.8679050048729888,1236770,0.36625807465649096,0.8333756478569164
Sourmash,unified,Sourmash_unified,ZymoMockD6331,ZymoMockD6331,ont,D6331_Qiagen,,239935,Akkermansia muciniphila,Akkermansia muciniphila,species,1.81011829200255,abund_weighted,0.0181011829200255,;Verrucomicrobiota;Verrucomicrobiia;Verrucomicrobiales;Akkermansiaceae;Akkermansia;Akkermansia muciniphila,,9bed66ac,/dodo/eh58/bakeoff/data/ZymoMockD6331/ont/D6331_Qiagen.fastq,0.0117725510212482,0.0181011829200255,2860000,0.8665028964264302,1236770,2.1720316602211684,0.8333756478569164
Sourmash,unified,Sourmash_unified,ZymoMockD6331,ZymoMockD6331,ont,D6331_Qiagen,,853,Faecalibacterium prausnitzii,Faecalibacterium prausnitzii,species,6.72590699968466,abund_weighted,0.0672590699968466,;Bacillota;Clostridia;Eubacteriales;Oscillospiraceae;Faecalibacterium;Faecalibacterium prausnitzii,,9bed66ac,/dodo/eh58/bakeoff/data/ZymoMockD6331/ont/D6331_Qiagen.fastq,0.0115461558093011,0.0672590699968466,2805000,0.8659602977498364,1236770,8.07067859131809,0.8333756478569164
Sourmash,unified,Sourmash_unified,ZymoMockD6331,ZymoMockD6331,ont,D6331_Qiagen,,28128,Prevotella corporis,Prevotella corporis,species,8.569903862480489,abund_weighted,0.0856990386248049,;Bacteroidota;Bacteroidia;Bacteroidales;Prevotellaceae;Prevotella;Prevotella corporis,,9bed66ac,/dodo/eh58/bakeoff/data/ZymoMockD6331/ont/D6331_Qiagen.fastq,0.0111674583638623,0.0856990386248049,2713000,0.865029234717142,1236770,10.283362472275972,0.8333756478569164
Sourmash,unified,Sourmash_unified,ZymoMockD6331,ZymoMockD6331,ont,D6331_Qiagen,,4932,Saccharomyces cerevisiae,Saccharomyces cerevisiae,species,0.27005829701561,abund_weighted,0.0027005829701561,;Ascomycota;Saccharomycetes;Saccharomycetales;Saccharomycetaceae;Saccharomyces;Saccharomyces cerevisiae,,9bed66ac,/dodo/eh58/bakeoff/data/ZymoMockD6331/ont/D6331_Qiagen.fastq,0.0105212029406679,0.0027005829701561,2556000,0.863367423737295,1236770,0.3240535018152783,0.8333756478569164
Sourmash,unified,Sourmash_unified,ZymoMockD6331,ZymoMockD6331,ont,D6331_Qiagen,,851,Fusobacterium nucleatum,Fusobacterium nucleatum,species,4.03349046306103,abund_weighted,0.0403349046306103,;Fusobacteriota;Fusobacteriia;Fusobacteriales;Fusobacteriaceae;Fusobacterium;Fusobacterium nucleatum,,9bed66ac,/dodo/eh58/bakeoff/data/ZymoMockD6331/ont/D6331_Qiagen.fastq,0.0098255521985033,0.0403349046306103,2387000,0.8614643733775681,1236770,4.839942795824946,0.8333756478569164
Sourmash,unified,Sourmash_unified,ZymoMockD6331,ZymoMockD6331,ont,D6331_Qiagen,,423477,Veillonella rogosae,Veillonella rogosae,species,18.285129813950853,abund_weighted,0.1828512981395085,;Bacillota;Negativicutes;Veillonellales;Veillonellaceae;Veillonella;Veillonella rogosae,,9bed66ac,/dodo/eh58/bakeoff/data/ZymoMockD6331/ont/D6331_Qiagen.fastq,0.0090393433715598,0.1828512981395085,2196000,0.8591498759821306,1236770,21.94104166707095,0.8333756478569164
Sourmash,unified,Sourmash_unified,ZymoMockD6331,ZymoMockD6331,ont,D6331_Qiagen,,1613,Limosilactobacillus fermentum,Limosilactobacillus fermentum,species,1.28536429570574,abund_weighted,0.0128536429570574,;Bacillota;Bacilli;Lactobacillales;Lactobacillaceae;Limosilactobacillus;Limosilactobacillus fermentum,,9bed66ac,/dodo/eh58/bakeoff/data/ZymoMockD6331/ont/D6331_Qiagen.fastq,0.0073928327392174,0.0128536429570574,1796000,0.8535951992558444,1236770,1.5423588378315876,0.8333756478569164
Sourmash,unified,Sourmash_unified,ZymoMockD6331,ZymoMockD6331,ont,D6331_Qiagen,,674529,Bacteroides faecis,Bacteroides faecis,species,0.16154984354406998,abund_weighted,0.0016154984354407,;Bacteroidota;Bacteroidia;Bacteroidales;Bacteroidaceae;Bacteroides;Bacteroides faecis,,9bed66ac,/dodo/eh58/bakeoff/data/ZymoMockD6331/ont/D6331_Qiagen.fastq,0.0066930657204718,0.0016154984354407,1626000,0.8508615016066947,1236770,0.19384996904997964,0.8333756478569164
Sourmash,unified,Sourmash_unified,ZymoMockD6331,ZymoMockD6331,ont,D6331_Qiagen,,1680,Bifidobacterium adolescentis,Bifidobacterium adolescentis,species,0.13292689829151,abund_weighted,0.0013292689829151,;Actinomycetota;Actinomycetes;Bifidobacteriales;Bifidobacteriaceae;Bifidobacterium;Bifidobacterium adolescentis,,9bed66ac,/dodo/eh58/bakeoff/data/ZymoMockD6331/ont/D6331_Qiagen.fastq,0.004688439025595,0.0013292689829151,1139000,0.8411469601446969,1236770,0.15950417873781264,0.8333756478569164
Sourmash,unified,Sourmash_unified,ZymoMockD6331,ZymoMockD6331,ont,D6331_Qiagen,,573,Klebsiella pneumoniae,Klebsiella pneumoniae,species,0.11335980012451,abund_weighted,0.0011335980012451,;Pseudomonadota;Gammaproteobacteria;Enterobacterales;Enterobacteriaceae;Klebsiella;Klebsiella pneumoniae,,9bed66ac,/dodo/eh58/bakeoff/data/ZymoMockD6331/ont/D6331_Qiagen.fastq,0.0044085322180967,0.0011335980012451,1071000,0.8394783195455979,1236770,0.13602485315718382,0.8333756478569164
Sourmash,unified,Sourmash_unified,ZymoMockD6331,ZymoMockD6331,ont,D6331_Qiagen,,2173,Methanobrevibacter smithii,Methanobrevibacter smithii,species,0.04479410076246,abund_weighted,0.0004479410076246,;Methanobacteriota;Methanobacteria;Methanobacteriales;Methanobacteriaceae;Methanobrevibacter;Methanobrevibacter smithii,,9bed66ac,/dodo/eh58/bakeoff/data/ZymoMockD6331/ont/D6331_Qiagen.fastq,0.0019264174398406,0.0004479410076246,468000,0.8173560908098296,1236770,0.053750191618451,0.8333756478569164
Sourmash,unified,Sourmash_unified,ZymoMockD6331,ZymoMockD6331,ont,D6331_Qiagen,,28901,Salmonella enterica,Salmonella enterica,species,0.030886907023939997,abund_weighted,0.0003088690702394,;Pseudomonadota;Gammaproteobacteria;Enterobacterales;Enterobacteriaceae;Salmonella;Salmonella enterica,,9bed66ac,/dodo/eh58/bakeoff/data/ZymoMockD6331/ont/D6331_Qiagen.fastq,0.0014653944627847,0.0003088690702394,356000,0.8101756363386813,1236770,0.03706240649503958,0.8333756478569164
Sourmash,unified,Sourmash_unified,ZymoMockD6331,ZymoMockD6331,ont,D6331_Qiagen,,28116,Bacteroides ovatus,Bacteroides ovatus,species,0.031129474356589998,abund_weighted,0.0003112947435659,;Bacteroidota;Bacteroidia;Bacteroidales;Bacteroidaceae;Bacteroides;Bacteroides ovatus,,9bed66ac,/dodo/eh58/bakeoff/data/ZymoMockD6331/ont/D6331_Qiagen.fastq,0.0013871852077484,0.0003112947435659,337000,0.8087434729649875,1236770,0.03735347251463564,0.8333756478569164
Sourmash,unified,Sourmash_unified,ZymoMockD6331,ZymoMockD6331,ont,D6331_Qiagen,,46506,Bacteroides stercoris,Bacteroides stercoris,species,0.031129474356589998,abund_weighted,0.0003112947435659,;Bacteroidota;Bacteroidia;Bacteroidales;Bacteroidaceae;Bacteroides;Bacteroides stercoris,,9bed66ac,/dodo/eh58/bakeoff/data/ZymoMockD6331/ont/D6331_Qiagen.fastq,0.0013089759527122,0.0003112947435659,318000,0.8072309331546879,1236770,0.03735347251463564,0.8333756478569164
Sourmash,unified,Sourmash_unified,ZymoMockD6331,ZymoMockD6331,ont,D6331_Qiagen,,820,Bacteroides uniformis,Bacteroides uniformis,species,0.024903579485269996,abund_weighted,0.0002490357948527,;Bacteroidota;Bacteroidia;Bacteroidales;Bacteroidaceae;Bacteroides;Bacteroides uniformis,,9bed66ac,/dodo/eh58/bakeoff/data/ZymoMockD6331/ont/D6331_Qiagen.fastq,0.0009632087199203,0.0002490357948527,234000,0.7992831513068753,1236770,0.02988277801170611,0.8333756478569164
Sourmash,unified,Sourmash_unified,ZymoMockD6331,ZymoMockD6331,ont,D6331_Qiagen,,823,Parabacteroides distasonis,Parabacteroides distasonis,species,0.01512003040177,abund_weighted,0.0001512003040177,;Bacteroidota;Bacteroidia;Bacteroidales;Tannerellaceae;Parabacteroides;Parabacteroides distasonis,,9bed66ac,/dodo/eh58/bakeoff/data/ZymoMockD6331/ont/D6331_Qiagen.fastq,0.0007203484016498,0.0001512003040177,175000,0.7918271822403324,1236770,0.018143115221391715,0.8333756478569164
Sourmash,unified,Sourmash_unified,ZymoMockD6331,ZymoMockD6331,ont,D6331_Qiagen,,3073865,Enterobacter cloacae complex sp. EB5,Enterobacter cloacae complex sp. EB5,species,0.013664626405869998,abund_weighted,0.0001366462640587,;Pseudomonadota;Gammaproteobacteria;Enterobacterales;Enterobacteriaceae;Enterobacter;Enterobacter cloacae complex sp. EB5,,9bed66ac,/dodo/eh58/bakeoff/data/ZymoMockD6331/ont/D6331_Qiagen.fastq,0.0006668368060986,0.0001366462640587,162000,0.7898579944301672,1236770,0.016396719103815353,0.8333756478569164
Sourmash,unified,Sourmash_unified,ZymoMockD6331,ZymoMockD6331,ont,D6331_Qiagen,,216816,Bifidobacterium longum,Bifidobacterium longum,species,0.01390719373852,abund_weighted,0.0001390719373852,;Actinomycetota;Actinomycetes;Bifidobacteriales;Bifidobacteriaceae;Bifidobacterium;Bifidobacterium longum,,9bed66ac,/dodo/eh58/bakeoff/data/ZymoMockD6331/ont/D6331_Qiagen.fastq,0.0006627205295178,0.0001390719373852,161000,0.7897002431788832,1236770,0.016687785123411417,0.8333756478569164
Sourmash,unified,Sourmash_unified,ZymoMockD6331,ZymoMockD6331,ont,D6331_Qiagen,,821,Phocaeicola vulgatus,Phocaeicola vulgatus,species,0.01479660729157,abund_weighted,0.0001479660729157,;Bacteroidota;Bacteroidia;Bacteroidales;Bacteroidaceae;Phocaeicola;Phocaeicola vulgatus,,9bed66ac,/dodo/eh58/bakeoff/data/ZymoMockD6331/ont/D6331_Qiagen.fastq,0.0006544879763561,0.0001479660729157,159000,0.7893818757073233,1236770,0.017755027195263635,0.8333756478569164
Sourmash,unified,Sourmash_unified,ZymoMockD6331,ZymoMockD6331,ont,D6331_Qiagen,,33038,Mediterraneibacter gnavus,Mediterraneibacter gnavus,species,0.011238953079390001,abund_weighted,0.0001123895307939,;Bacillota;Clostridia;Lachnospirales;Lachnospiraceae;Mediterraneibacter;Mediterraneibacter gnavus,,9bed66ac,/dodo/eh58/bakeoff/data/ZymoMockD6331/ont/D6331_Qiagen.fastq,0.0005680461681581,0.0001123895307939,138000,0.7857831249237496,1236770,0.013486058907878762,0.8333756478569164
Sourmash,unified,Sourmash_unified,ZymoMockD6331,ZymoMockD6331,ont,D6331_Qiagen,,287,Pseudomonas aeruginosa,Pseudomonas aeruginosa,species,0.010268683748790001,abund_weighted,0.0001026868374879,;Pseudomonadota;Gammaproteobacteria;Pseudomonadales;Pseudomonadaceae;Pseudomonas;Pseudomonas aeruginosa,,9bed66ac,/dodo/eh58/bakeoff/data/ZymoMockD6331/ont/D6331_Qiagen.fastq,0.0005186508491878,0.0001026868374879,126000,0.7834805667615475,1236770,0.012321794829494524,0.8333756478569164
Sourmash,unified,Sourmash_unified,ZymoMockD6331,ZymoMockD6331,ont,D6331_Qiagen,,371601,Bacteroides xylanisolvens,Bacteroides xylanisolvens,species,0.009379270195751835,abund_weighted,9.379270195751836e-05,;Bacteroidota;Bacteroidia;Bacteroidales;Bacteroidaceae;Bacteroides;Bacteroides xylanisolvens,,9bed66ac,/dodo/eh58/bakeoff/data/ZymoMockD6331/ont/D6331_Qiagen.fastq,0.0004610229770558,9.379270195751836e-05,112000,0.7805094173025865,1236770,0.011254552757656506,0.8333756478569164
Sourmash,unified,Sourmash_unified,ZymoMockD6331,ZymoMockD6331,ont,D6331_Qiagen,,96241,Bacillus spizizenii,Bacillus spizizenii,species,0.008813279752904744,abund_weighted,8.813279752904744e-05,;Bacillota;Bacilli;Bacillales;Bacillaceae;Bacillus;Bacillus spizizenii,,9bed66ac,/dodo/eh58/bakeoff/data/ZymoMockD6331/ont/D6331_Qiagen.fastq,0.0004322090409898,8.813279752904744e-05,105000,0.77888617457649,1236770,0.010575398711935855,0.8333756478569164
Sourmash,unified,Sourmash_unified,ZymoMockD6331,ZymoMockD6331,ont,D6331_Qiagen,,395631,Phytobacter diazotrophicus,Phytobacter diazotrophicus,species,0.008328145087607234,abund_weighted,8.328145087607235e-05,;Pseudomonadota;Gammaproteobacteria;Enterobacterales;Enterobacteriaceae;Phytobacter;Phytobacter diazotrophicus,,9bed66ac,/dodo/eh58/bakeoff/data/ZymoMockD6331/ont/D6331_Qiagen.fastq,0.0003951625517621,8.328145087607235e-05,96000,0.7766378879302357,1236770,0.009993266672746725,0.8333756478569164
Sourmash,unified,Sourmash_unified,ZymoMockD6331,ZymoMockD6331,ont,D6331_Qiagen,,46503,Parabacteroides merdae,Parabacteroides merdae,species,0.00808557775495848,abund_weighted,8.08557775495848e-05,;Bacteroidota;Bacteroidia;Bacteroidales;Tannerellaceae;Parabacteroides;Parabacteroides merdae,,9bed66ac,/dodo/eh58/bakeoff/data/ZymoMockD6331/ont/D6331_Qiagen.fastq,0.0003539997859536,8.08557775495848e-05,86000,0.7738869372872776,1236770,0.00970220065315216,0.8333756478569164
Sourmash,unified,Sourmash_unified,ZymoMockD6331,ZymoMockD6331,ont,D6331_Qiagen,,2742625,Citrobacter sp. RHB35-C17,Citrobacter sp. RHB35-C17,species,0.006791885314165124,abund_weighted,6.791885314165123e-05,;Pseudomonadota;Gammaproteobacteria;Enterobacterales;Enterobacteriaceae;Citrobacter;Citrobacter sp. RHB35-C17,,9bed66ac,/dodo/eh58/bakeoff/data/ZymoMockD6331/ont/D6331_Qiagen.fastq,0.0003457672327919,6.791885314165123e-05,84000,0.7732997426031439,1236770,0.008149848548647816,0.8333756478569164
Sourmash,unified,Sourmash_unified,ZymoMockD6331,ZymoMockD6331,ont,D6331_Qiagen,,214856,Alistipes finegoldii,Alistipes finegoldii,species,0.005174769763173427,abund_weighted,5.174769763173427e-05,;Bacteroidota;Bacteroidia;Bacteroidales;Rikenellaceae;Alistipes;Alistipes finegoldii,,9bed66ac,/dodo/eh58/bakeoff/data/ZymoMockD6331/ont/D6331_Qiagen.fastq,0.000255209148013,5.174769763173427e-05,62000,0.7657613225782421,1236770,0.006209408418017383,0.8333756478569164
Sourmash,unified,Sourmash_unified,ZymoMockD6331,ZymoMockD6331,ont,D6331_Qiagen,,3037987,Akkermansia sp. BCRC 18949,Akkermansia sp. BCRC 18949,species,0.005417337095822182,abund_weighted,5.417337095822182e-05,;Verrucomicrobiota;Verrucomicrobiia;Verrucomicrobiales;Akkermansiaceae;Akkermansia;Akkermansia sp. BCRC 18949,,9bed66ac,/dodo/eh58/bakeoff/data/ZymoMockD6331/ont/D6331_Qiagen.fastq,0.000255209148013,5.417337095822182e-05,62000,0.7657613225782421,1236770,0.006500474437611949,0.8333756478569164
Sourmash,unified,Sourmash_unified,ZymoMockD6331,ZymoMockD6331,ont,D6331_Qiagen,,818,Bacteroides thetaiotaomicron,Bacteroides thetaiotaomicron,species,0.005740760206020521,abund_weighted,5.740760206020521e-05,;Bacteroidota;Bacteroidia;Bacteroidales;Bacteroidaceae;Bacteroides;Bacteroides thetaiotaomicron,,9bed66ac,/dodo/eh58/bakeoff/data/ZymoMockD6331/ont/D6331_Qiagen.fastq,0.0002469765948513,5.740760206020521e-05,60000,0.7649517773095554,1236770,0.006888562463738035,0.8333756478569164
Sourmash,unified,Sourmash_unified,ZymoMockD6331,ZymoMockD6331,ont,D6331_Qiagen,,1297617,Intestinimonas butyriciproducens,Intestinimonas butyriciproducens,species,0.004689635097875919,abund_weighted,4.689635097875919e-05,;Bacillota;Clostridia;Eubacteriales;;Intestinimonas;Intestinimonas butyriciproducens,,9bed66ac,/dodo/eh58/bakeoff/data/ZymoMockD6331/ont/D6331_Qiagen.fastq,0.0002387440416896,4.689635097875919e-05,58000,0.7641156844965601,1236770,0.005627276378828255,0.8333756478569164
Sourmash,unified,Sourmash_unified,ZymoMockD6331,ZymoMockD6331,ont,D6331_Qiagen,,1352,Enterococcus faecium,Enterococcus faecium,species,0.004608779320326334,abund_weighted,4.608779320326334e-05,;Bacillota;Bacilli;Lactobacillales;Enterococcaceae;Enterococcus;Enterococcus faecium,,9bed66ac,/dodo/eh58/bakeoff/data/ZymoMockD6331/ont/D6331_Qiagen.fastq,0.000226395211947,4.608779320326334e-05,55000,0.76280770683936,1236770,0.005530254372296733,0.8333756478569164
Sourmash,unified,Sourmash_unified,ZymoMockD6331,ZymoMockD6331,ont,D6331_Qiagen,,29466,Veillonella parvula,Veillonella parvula,species,0.004447067765227165,abund_weighted,4.447067765227165e-05,;Bacillota;Negativicutes;Veillonellales;Veillonellaceae;Veillonella;Veillonella parvula,,9bed66ac,/dodo/eh58/bakeoff/data/ZymoMockD6331/ont/D6331_Qiagen.fastq,0.0002222789353662,4.447067765227165e-05,54000,0.7623563286851258,1236770,0.00533621035923369,0.8333756478569164
Sourmash,unified,Sourmash_unified,ZymoMockD6331,ZymoMockD6331,ont,D6331_Qiagen,,133448,Citrobacter youngae,Citrobacter youngae,species,0.00404278887747924,abund_weighted,4.04278887747924e-05,;Pseudomonadota;Gammaproteobacteria;Enterobacterales;Enterobacteriaceae;Citrobacter;Citrobacter youngae,,9bed66ac,/dodo/eh58/bakeoff/data/ZymoMockD6331/ont/D6331_Qiagen.fastq,0.0002058138290428,4.04278887747924e-05,50000,0.7604660394154507,1236770,0.00485110032657608,0.8333756478569164
Sourmash,unified,Sourmash_unified,ZymoMockD6331,ZymoMockD6331,ont,D6331_Qiagen,,561,Escherichia,Escherichia,genus,17.92014683409203,abund_weighted,0.1792014683409203,;Pseudomonadota;Gammaproteobacteria;Enterobacterales;Enterobacteriaceae;Escherichia,,9bed66ac,/dodo/eh58/bakeoff/data/ZymoMockD6331/ont/D6331_Qiagen.fastq,0.0341074677489729,0.1792014683409203,8286000,0.896752433278436,1236770,21.503084329587665,0.8333756478569165
Sourmash,unified,Sourmash_unified,ZymoMockD6331,ZymoMockD6331,ont,D6331_Qiagen,,816,Bacteroides,Bacteroides,genus,20.53348642027216,abund_weighted,0.2053348642027216,;Bacteroidota;Bacteroidia;Bacteroidales;Bacteroidaceae;Bacteroides,,9bed66ac,/dodo/eh58/bakeoff/data/ZymoMockD6331/ont/D6331_Qiagen.fastq,0.0321028410540961,0.2053348642027216,7799000,0.8950019527050822,1236770,24.638932602692968,0.8333756478569165
Sourmash,unified,Sourmash_unified,ZymoMockD6331,ZymoMockD6331,ont,D6331_Qiagen,,1870884,Clostridioides,Clostridioides,genus,1.7014481269759099,abund_weighted,0.0170144812697591,;Bacillota;Clostridia;Peptostreptococcales;Peptostreptococcaceae;Clostridioides,,9bed66ac,/dodo/eh58/bakeoff/data/ZymoMockD6331/ont/D6331_Qiagen.fastq,0.0165638969613646,0.0170144812697591,4024000,0.876099897825521,1236770,2.0416340834428053,0.8333756478569165
Sourmash,unified,Sourmash_unified,ZymoMockD6331,ZymoMockD6331,ont,D6331_Qiagen,,841,Roseburia,Roseburia,genus,1.4359177535030698,abund_weighted,0.0143591775350307,;Bacillota;Clostridia;Lachnospirales;Lachnospiraceae;Roseburia,,9bed66ac,/dodo/eh58/bakeoff/data/ZymoMockD6331/ont/D6331_Qiagen.fastq,0.0141929216507915,0.0143591775350307,3448000,0.8717448955606094,1236770,1.7230138139932842,0.8333756478569165
Sourmash,unified,Sourmash_unified,ZymoMockD6331,ZymoMockD6331,ont,D6331_Qiagen,,5475,Candida,Candida,genus,0.30523056024968,abund_weighted,0.0030523056024968,;Ascomycota;Pichiomycetes;Serinales;Debaryomycetaceae;Candida,,9bed66ac,/dodo/eh58/bakeoff/data/ZymoMockD6331/ont/D6331_Qiagen.fastq,0.012377643678634,0.0030523056024968,3007000,0.8679050048729888,1236770,0.3662580746564909,0.8333756478569165
Sourmash,unified,Sourmash_unified,ZymoMockD6331,ZymoMockD6331,ont,D6331_Qiagen,,239934,Akkermansia,Akkermansia,genus,1.81553562909837,abund_weighted,0.0181553562909837,;Verrucomicrobiota;Verrucomicrobiia;Verrucomicrobiales;Akkermansiaceae;Akkermansia,,9bed66ac,/dodo/eh58/bakeoff/data/ZymoMockD6331/ont/D6331_Qiagen.fastq,0.0120277601692612,0.0181553562909837,2922000,0.867102575378803,1236770,2.178532134658777,0.8333756478569165
Sourmash,unified,Sourmash_unified,ZymoMockD6331,ZymoMockD6331,ont,D6331_Qiagen,,216851,Faecalibacterium,Faecalibacterium,genus,6.72590699968466,abund_weighted,0.0672590699968466,;Bacillota;Clostridia;Eubacteriales;Oscillospiraceae;Faecalibacterium,,9bed66ac,/dodo/eh58/bakeoff/data/ZymoMockD6331/ont/D6331_Qiagen.fastq,0.0115461558093011,0.0672590699968466,2805000,0.8659602977498364,1236770,8.07067859131809,0.8333756478569165
Sourmash,unified,Sourmash_unified,ZymoMockD6331,ZymoMockD6331,ont,D6331_Qiagen,,838,Prevotella,Prevotella,genus,8.569903862480489,abund_weighted,0.0856990386248049,;Bacteroidota;Bacteroidia;Bacteroidales;Prevotellaceae;Prevotella,,9bed66ac,/dodo/eh58/bakeoff/data/ZymoMockD6331/ont/D6331_Qiagen.fastq,0.0111674583638623,0.0856990386248049,2713000,0.865029234717142,1236770,10.28336247227597,0.8333756478569165
Sourmash,unified,Sourmash_unified,ZymoMockD6331,ZymoMockD6331,ont,D6331_Qiagen,,4930,Saccharomyces,Saccharomyces,genus,0.27005829701561,abund_weighted,0.0027005829701561,;Ascomycota;Saccharomycetes;Saccharomycetales;Saccharomycetaceae;Saccharomyces,,9bed66ac,/dodo/eh58/bakeoff/data/ZymoMockD6331/ont/D6331_Qiagen.fastq,0.0105212029406679,0.0027005829701561,2556000,0.863367423737295,1236770,0.32405350181527826,0.8333756478569165
Sourmash,unified,Sourmash_unified,ZymoMockD6331,ZymoMockD6331,ont,D6331_Qiagen,,848,Fusobacterium,Fusobacterium,genus,4.03349046306103,abund_weighted,0.0403349046306103,;Fusobacteriota;Fusobacteriia;Fusobacteriales;Fusobacteriaceae;Fusobacterium,,9bed66ac,/dodo/eh58/bakeoff/data/ZymoMockD6331/ont/D6331_Qiagen.fastq,0.0098255521985033,0.0403349046306103,2387000,0.8614643733775681,1236770,4.839942795824945,0.8333756478569165
Sourmash,unified,Sourmash_unified,ZymoMockD6331,ZymoMockD6331,ont,D6331_Qiagen,,29465,Veillonella,Veillonella,genus,18.28957688171608,abund_weighted,0.1828957688171608,;Bacillota;Negativicutes;Veillonellales;Veillonellaceae;Veillonella,,9bed66ac,/dodo/eh58/bakeoff/data/ZymoMockD6331/ont/D6331_Qiagen.fastq,0.009261622306926,0.1828957688171608,2250000,0.8598233999690685,1236770,21.946377877430184,0.8333756478569165
Sourmash,unified,Sourmash_unified,ZymoMockD6331,ZymoMockD6331,ont,D6331_Qiagen,,2742598,Limosilactobacillus,Limosilactobacillus,genus,1.28536429570574,abund_weighted,0.0128536429570574,;Bacillota;Bacilli;Lactobacillales;Lactobacillaceae;Limosilactobacillus,,9bed66ac,/dodo/eh58/bakeoff/data/ZymoMockD6331/ont/D6331_Qiagen.fastq,0.0073928327392174,0.0128536429570574,1796000,0.8535951992558444,1236770,1.5423588378315873,0.8333756478569165
Sourmash,unified,Sourmash_unified,ZymoMockD6331,ZymoMockD6331,ont,D6331_Qiagen,,1678,Bifidobacterium,Bifidobacterium,genus,0.14683409203004,abund_weighted,0.0014683409203004,;Actinomycetota;Actinomycetes;Bifidobacteriales;Bifidobacteriaceae;Bifidobacterium,,9bed66ac,/dodo/eh58/bakeoff/data/ZymoMockD6331/ont/D6331_Qiagen.fastq,0.0053511595551128,0.0014683409203004,1300000,0.8447420744491949,1236770,0.17619196386123603,0.8333756478569165
Sourmash,unified,Sourmash_unified,ZymoMockD6331,ZymoMockD6331,ont,D6331_Qiagen,,570,Klebsiella,Klebsiella,genus,0.11335980012451,abund_weighted,0.0011335980012451,;Pseudomonadota;Gammaproteobacteria;Enterobacterales;Enterobacteriaceae;Klebsiella,,9bed66ac,/dodo/eh58/bakeoff/data/ZymoMockD6331/ont/D6331_Qiagen.fastq,0.0044085322180967,0.0011335980012451,1071000,0.8394783195455979,1236770,0.1360248531571838,0.8333756478569165
Sourmash,unified,Sourmash_unified,ZymoMockD6331,ZymoMockD6331,ont,D6331_Qiagen,,2172,Methanobrevibacter,Methanobrevibacter,genus,0.04479410076246,abund_weighted,0.0004479410076246,;Methanobacteriota;Methanobacteria;Methanobacteriales;Methanobacteriaceae;Methanobrevibacter,,9bed66ac,/dodo/eh58/bakeoff/data/ZymoMockD6331/ont/D6331_Qiagen.fastq,0.0019264174398406,0.0004479410076246,468000,0.8173560908098296,1236770,0.053750191618450995,0.8333756478569165
Sourmash,unified,Sourmash_unified,ZymoMockD6331,ZymoMockD6331,ont,D6331_Qiagen,,590,Salmonella,Salmonella,genus,0.030886907023939997,abund_weighted,0.0003088690702394,;Pseudomonadota;Gammaproteobacteria;Enterobacterales;Enterobacteriaceae;Salmonella,,9bed66ac,/dodo/eh58/bakeoff/data/ZymoMockD6331/ont/D6331_Qiagen.fastq,0.0014653944627847,0.0003088690702394,356000,0.8101756363386813,1236770,0.03706240649503957,0.8333756478569165
Sourmash,unified,Sourmash_unified,ZymoMockD6331,ZymoMockD6331,ont,D6331_Qiagen,,375288,Parabacteroides,Parabacteroides,genus,0.02320560815673,abund_weighted,0.0002320560815673,;Bacteroidota;Bacteroidia;Bacteroidales;Tannerellaceae;Parabacteroides,,9bed66ac,/dodo/eh58/bakeoff/data/ZymoMockD6331/ont/D6331_Qiagen.fastq,0.0010743481876034,0.0002320560815673,261000,0.8021036371559163,1236770,0.027845315874545692,0.8333756478569165
Sourmash,unified,Sourmash_unified,ZymoMockD6331,ZymoMockD6331,ont,D6331_Qiagen,,547,Enterobacter,Enterobacter,genus,0.013664626405869998,abund_weighted,0.0001366462640587,;Pseudomonadota;Gammaproteobacteria;Enterobacterales;Enterobacteriaceae;Enterobacter,,9bed66ac,/dodo/eh58/bakeoff/data/ZymoMockD6331/ont/D6331_Qiagen.fastq,0.0006668368060986,0.0001366462640587,162000,0.7898579944301672,1236770,0.01639671910381535,0.8333756478569165
Sourmash,unified,Sourmash_unified,ZymoMockD6331,ZymoMockD6331,ont,D6331_Qiagen,,909656,Phocaeicola,Phocaeicola,genus,0.01479660729157,abund_weighted,0.0001479660729157,;Bacteroidota;Bacteroidia;Bacteroidales;Bacteroidaceae;Phocaeicola,,9bed66ac,/dodo/eh58/bakeoff/data/ZymoMockD6331/ont/D6331_Qiagen.fastq,0.0006544879763561,0.0001479660729157,159000,0.7893818757073233,1236770,0.01775502719526363,0.8333756478569165
Sourmash,unified,Sourmash_unified,ZymoMockD6331,ZymoMockD6331,ont,D6331_Qiagen,,2316020,Mediterraneibacter,Mediterraneibacter,genus,0.011238953079390001,abund_weighted,0.0001123895307939,;Bacillota;Clostridia;Lachnospirales;Lachnospiraceae;Mediterraneibacter,,9bed66ac,/dodo/eh58/bakeoff/data/ZymoMockD6331/ont/D6331_Qiagen.fastq,0.0005680461681581,0.0001123895307939,138000,0.7857831249237496,1236770,0.01348605890787876,0.8333756478569165
Sourmash,unified,Sourmash_unified,ZymoMockD6331,ZymoMockD6331,ont,D6331_Qiagen,,544,Citrobacter,Citrobacter,genus,0.01083467419164,abund_weighted,0.0001083467419164,;Pseudomonadota;Gammaproteobacteria;Enterobacterales;Enterobacteriaceae;Citrobacter,,9bed66ac,/dodo/eh58/bakeoff/data/ZymoMockD6331/ont/D6331_Qiagen.fastq,0.0005515810618347,0.0001083467419164,134000,0.7850378999908454,1236770,0.013000948875218658,0.8333756478569165
Sourmash,unified,Sourmash_unified,ZymoMockD6331,ZymoMockD6331,ont,D6331_Qiagen,,286,Pseudomonas,Pseudomonas,genus,0.010268683748790001,abund_weighted,0.0001026868374879,;Pseudomonadota;Gammaproteobacteria;Pseudomonadales;Pseudomonadaceae;Pseudomonas,,9bed66ac,/dodo/eh58/bakeoff/data/ZymoMockD6331/ont/D6331_Qiagen.fastq,0.0005186508491878,0.0001026868374879,126000,0.7834805667615475,1236770,0.012321794829494522,0.8333756478569165
Sourmash,unified,Sourmash_unified,ZymoMockD6331,ZymoMockD6331,ont,D6331_Qiagen,,1386,Bacillus,Bacillus,genus,0.008813279752904744,abund_weighted,8.813279752904744e-05,;Bacillota;Bacilli;Bacillales;Bacillaceae;Bacillus,,9bed66ac,/dodo/eh58/bakeoff/data/ZymoMockD6331/ont/D6331_Qiagen.fastq,0.0004322090409898,8.813279752904744e-05,105000,0.77888617457649,1236770,0.010575398711935854,0.8333756478569165
Sourmash,unified,Sourmash_unified,ZymoMockD6331,ZymoMockD6331,ont,D6331_Qiagen,,447792,Phytobacter,Phytobacter,genus,0.008328145087607234,abund_weighted,8.328145087607235e-05,;Pseudomonadota;Gammaproteobacteria;Enterobacterales;Enterobacteriaceae;Phytobacter,,9bed66ac,/dodo/eh58/bakeoff/data/ZymoMockD6331/ont/D6331_Qiagen.fastq,0.0003951625517621,8.328145087607235e-05,96000,0.7766378879302357,1236770,0.009993266672746724,0.8333756478569165
Sourmash,unified,Sourmash_unified,ZymoMockD6331,ZymoMockD6331,ont,D6331_Qiagen,,239759,Alistipes,Alistipes,genus,0.005174769763173427,abund_weighted,5.174769763173427e-05,;Bacteroidota;Bacteroidia;Bacteroidales;Rikenellaceae;Alistipes,,9bed66ac,/dodo/eh58/bakeoff/data/ZymoMockD6331/ont/D6331_Qiagen.fastq,0.000255209148013,5.174769763173427e-05,62000,0.7657613225782421,1236770,0.006209408418017382,0.8333756478569165
Sourmash,unified,Sourmash_unified,ZymoMockD6331,ZymoMockD6331,ont,D6331_Qiagen,,1392389,Intestinimonas,Intestinimonas,genus,0.004689635097875919,abund_weighted,4.689635097875919e-05,;Bacillota;Clostridia;Eubacteriales;;Intestinimonas,,9bed66ac,/dodo/eh58/bakeoff/data/ZymoMockD6331/ont/D6331_Qiagen.fastq,0.0002387440416896,4.689635097875919e-05,58000,0.7641156844965601,1236770,0.005627276378828254,0.8333756478569165
Sourmash,unified,Sourmash_unified,ZymoMockD6331,ZymoMockD6331,ont,D6331_Qiagen,,1350,Enterococcus,Enterococcus,genus,0.004608779320326334,abund_weighted,4.608779320326334e-05,;Bacillota;Bacilli;Lactobacillales;Enterococcaceae;Enterococcus,,9bed66ac,/dodo/eh58/bakeoff/data/ZymoMockD6331/ont/D6331_Qiagen.fastq,0.000226395211947,4.608779320326334e-05,55000,0.76280770683936,1236770,0.005530254372296732,0.8333756478569165
