cohort,db_mode,tool,rank,n_files,root,pattern,out_name
illumina,default,Kraken2,species,9,/dodo/eh58/bakeoff/reports/archive/default-reports/DYN/illumina,Kraken2-results/*_report.tsv,illumina_Kraken2_default_species.tsv
illumina,default,Kraken2,genus,9,/dodo/eh58/bakeoff/reports/archive/default-reports/DYN/illumina,Kraken2-results/*_report.tsv,illumina_Kraken2_default_genus.tsv
illumina,default,Centrifuge,species,9,/dodo/eh58/bakeoff/reports/archive/default-reports/DYN/illumina,Centrifuge-results/*_report.tsv,illumina_Centrifuge_default_species.tsv
illumina,default,Centrifuge,genus,9,/dodo/eh58/bakeoff/reports/archive/default-reports/DYN/illumina,Centrifuge-results/*_report.tsv,illumina_Centrifuge_default_genus.tsv
illumina,default,Centrifuger,species,9,/dodo/eh58/bakeoff/reports/archive/default-reports/DYN/illumina,Centrifuger-results/*_report.tsv,illumina_Centrifuger_default_species.tsv
illumina,default,Centrifuger,genus,9,/dodo/eh58/bakeoff/reports/archive/default-reports/DYN/illumina,Centrifuger-results/*_report.tsv,illumina_Centrifuger_default_genus.tsv
illumina,default,sourmash,species,9,/dodo/eh58/bakeoff/reports/archive/default-reports/DYN/illumina,sourmash-results/*-report.csv.summarized.csv,illumina_sourmash_default_species.tsv
illumina,default,sourmash,genus,9,/dodo/eh58/bakeoff/reports/archive/default-reports/DYN/illumina,sourmash-results/*-report.csv.summarized.csv,illumina_sourmash_default_genus.tsv
illumina,default,sylph,species,9,/dodo/eh58/bakeoff/reports/archive/default-reports/DYN/illumina,sylph-results/*.fastq.sylphmpa,illumina_sylph_default_species.tsv
illumina,default,sylph,genus,9,/dodo/eh58/bakeoff/reports/archive/default-reports/DYN/illumina,sylph-results/*.fastq.sylphmpa,illumina_sylph_default_genus.tsv
illumina,default,ganon2,species,9,/dodo/eh58/bakeoff/reports/archive/default-reports/DYN/illumina,ganon2-results/*.tre,illumina_ganon2_default_species.tsv
illumina,default,ganon2,genus,9,/dodo/eh58/bakeoff/reports/archive/default-reports/DYN/illumina,ganon2-results/*.tre,illumina_ganon2_default_genus.tsv
illumina,unified,Kraken2,species,9,/dodo/eh58/bakeoff/reports/archive/unified-reports/DYN/illumina,Kraken2-results/*_report.tsv,illumina_Kraken2_unified_species.tsv
illumina,unified,Kraken2,genus,9,/dodo/eh58/bakeoff/reports/archive/unified-reports/DYN/illumina,Kraken2-results/*_report.tsv,illumina_Kraken2_unified_genus.tsv
illumina,unified,Centrifuge,species,9,/dodo/eh58/bakeoff/reports/archive/unified-reports/DYN/illumina,Centrifuge-results/*_report.tsv,illumina_Centrifuge_unified_species.tsv
illumina,unified,Centrifuge,genus,9,/dodo/eh58/bakeoff/reports/archive/unified-reports/DYN/illumina,Centrifuge-results/*_report.tsv,illumina_Centrifuge_unified_genus.tsv
illumina,unified,Centrifuger,species,9,/dodo/eh58/bakeoff/reports/archive/unified-reports/DYN/illumina,Centrifuger-results/*_report.tsv,illumina_Centrifuger_unified_species.tsv
illumina,unified,Centrifuger,genus,9,/dodo/eh58/bakeoff/reports/archive/unified-reports/DYN/illumina,Centrifuger-results/*_report.tsv,illumina_Centrifuger_unified_genus.tsv
illumina,unified,sourmash,species,9,/dodo/eh58/bakeoff/reports/archive/unified-reports/DYN/illumina,sourmash-results/*-report.csv.summarized.csv,illumina_sourmash_unified_species.tsv
illumina,unified,sourmash,genus,9,/dodo/eh58/bakeoff/reports/archive/unified-reports/DYN/illumina,sourmash-results/*-report.csv.summarized.csv,illumina_sourmash_unified_genus.tsv
illumina,unified,sylph,species,9,/dodo/eh58/bakeoff/reports/archive/unified-reports/DYN/illumina,sylph-results/*.fastq.sylphmpa,illumina_sylph_unified_species.tsv
illumina,unified,sylph,genus,9,/dodo/eh58/bakeoff/reports/archive/unified-reports/DYN/illumina,sylph-results/*.fastq.sylphmpa,illumina_sylph_unified_genus.tsv
illumina,unified,ganon2,species,9,/dodo/eh58/bakeoff/reports/archive/unified-reports/DYN/illumina,ganon2-results/*.tre,illumina_ganon2_unified_species.tsv
illumina,unified,ganon2,genus,9,/dodo/eh58/bakeoff/reports/archive/unified-reports/DYN/illumina,ganon2-results/*.tre,illumina_ganon2_unified_genus.tsv
pacbio,default,Kraken2,species,7,/dodo/eh58/bakeoff/reports/archive/default-reports/DYN/pacbio,Kraken2-results/*_report.tsv,pacbio_Kraken2_default_species.tsv
pacbio,default,Kraken2,genus,7,/dodo/eh58/bakeoff/reports/archive/default-reports/DYN/pacbio,Kraken2-results/*_report.tsv,pacbio_Kraken2_default_genus.tsv
pacbio,default,Centrifuge,species,7,/dodo/eh58/bakeoff/reports/archive/default-reports/DYN/pacbio,Centrifuge-results/*_report.tsv,pacbio_Centrifuge_default_species.tsv
pacbio,default,Centrifuge,genus,7,/dodo/eh58/bakeoff/reports/archive/default-reports/DYN/pacbio,Centrifuge-results/*_report.tsv,pacbio_Centrifuge_default_genus.tsv
pacbio,default,Centrifuger,species,7,/dodo/eh58/bakeoff/reports/archive/default-reports/DYN/pacbio,Centrifuger-results/*_report.tsv,pacbio_Centrifuger_default_species.tsv
pacbio,default,Centrifuger,genus,7,/dodo/eh58/bakeoff/reports/archive/default-reports/DYN/pacbio,Centrifuger-results/*_report.tsv,pacbio_Centrifuger_default_genus.tsv
pacbio,default,sourmash,species,7,/dodo/eh58/bakeoff/reports/archive/default-reports/DYN/pacbio,sourmash-results/*-report.csv.summarized.csv,pacbio_sourmash_default_species.tsv
pacbio,default,sourmash,genus,7,/dodo/eh58/bakeoff/reports/archive/default-reports/DYN/pacbio,sourmash-results/*-report.csv.summarized.csv,pacbio_sourmash_default_genus.tsv
pacbio,default,sylph,species,7,/dodo/eh58/bakeoff/reports/archive/default-reports/DYN/pacbio,sylph-results/*.fastq.sylphmpa,pacbio_sylph_default_species.tsv
pacbio,default,sylph,genus,7,/dodo/eh58/bakeoff/reports/archive/default-reports/DYN/pacbio,sylph-results/*.fastq.sylphmpa,pacbio_sylph_default_genus.tsv
pacbio,default,ganon2,species,7,/dodo/eh58/bakeoff/reports/archive/default-reports/DYN/pacbio,ganon2-results/*.tre,pacbio_ganon2_default_species.tsv
pacbio,default,ganon2,genus,7,/dodo/eh58/bakeoff/reports/archive/default-reports/DYN/pacbio,ganon2-results/*.tre,pacbio_ganon2_default_genus.tsv
pacbio,unified,Kraken2,species,7,/dodo/eh58/bakeoff/reports/archive/unified-reports/DYN/pacbio,Kraken2-results/*_report.tsv,pacbio_Kraken2_unified_species.tsv
pacbio,unified,Kraken2,genus,7,/dodo/eh58/bakeoff/reports/archive/unified-reports/DYN/pacbio,Kraken2-results/*_report.tsv,pacbio_Kraken2_unified_genus.tsv
pacbio,unified,Centrifuge,species,7,/dodo/eh58/bakeoff/reports/archive/unified-reports/DYN/pacbio,Centrifuge-results/*_report.tsv,pacbio_Centrifuge_unified_species.tsv
pacbio,unified,Centrifuge,genus,7,/dodo/eh58/bakeoff/reports/archive/unified-reports/DYN/pacbio,Centrifuge-results/*_report.tsv,pacbio_Centrifuge_unified_genus.tsv
pacbio,unified,Centrifuger,species,7,/dodo/eh58/bakeoff/reports/archive/unified-reports/DYN/pacbio,Centrifuger-results/*_report.tsv,pacbio_Centrifuger_unified_species.tsv
pacbio,unified,Centrifuger,genus,7,/dodo/eh58/bakeoff/reports/archive/unified-reports/DYN/pacbio,Centrifuger-results/*_report.tsv,pacbio_Centrifuger_unified_genus.tsv
pacbio,unified,sourmash,species,7,/dodo/eh58/bakeoff/reports/archive/unified-reports/DYN/pacbio,sourmash-results/*-report.csv.summarized.csv,pacbio_sourmash_unified_species.tsv
pacbio,unified,sourmash,genus,7,/dodo/eh58/bakeoff/reports/archive/unified-reports/DYN/pacbio,sourmash-results/*-report.csv.summarized.csv,pacbio_sourmash_unified_genus.tsv
pacbio,unified,sylph,species,7,/dodo/eh58/bakeoff/reports/archive/unified-reports/DYN/pacbio,sylph-results/*.fastq.sylphmpa,pacbio_sylph_unified_species.tsv
pacbio,unified,sylph,genus,7,/dodo/eh58/bakeoff/reports/archive/unified-reports/DYN/pacbio,sylph-results/*.fastq.sylphmpa,pacbio_sylph_unified_genus.tsv
pacbio,unified,ganon2,species,7,/dodo/eh58/bakeoff/reports/archive/unified-reports/DYN/pacbio,ganon2-results/*.tre,pacbio_ganon2_unified_species.tsv
pacbio,unified,ganon2,genus,7,/dodo/eh58/bakeoff/reports/archive/unified-reports/DYN/pacbio,ganon2-results/*.tre,pacbio_ganon2_unified_genus.tsv
ont_qiagen,default,Kraken2,species,8,/dodo/eh58/bakeoff/reports/archive/default-reports/DYN/ont,Kraken2-results/*_report.tsv,ont_qiagen_Kraken2_default_species.tsv
ont_qiagen,default,Kraken2,genus,8,/dodo/eh58/bakeoff/reports/archive/default-reports/DYN/ont,Kraken2-results/*_report.tsv,ont_qiagen_Kraken2_default_genus.tsv
ont_qiagen,default,Centrifuge,species,8,/dodo/eh58/bakeoff/reports/archive/default-reports/DYN/ont,Centrifuge-results/*_report.tsv,ont_qiagen_Centrifuge_default_species.tsv
ont_qiagen,default,Centrifuge,genus,8,/dodo/eh58/bakeoff/reports/archive/default-reports/DYN/ont,Centrifuge-results/*_report.tsv,ont_qiagen_Centrifuge_default_genus.tsv
ont_qiagen,default,Centrifuger,species,8,/dodo/eh58/bakeoff/reports/archive/default-reports/DYN/ont,Centrifuger-results/*_report.tsv,ont_qiagen_Centrifuger_default_species.tsv
ont_qiagen,default,Centrifuger,genus,8,/dodo/eh58/bakeoff/reports/archive/default-reports/DYN/ont,Centrifuger-results/*_report.tsv,ont_qiagen_Centrifuger_default_genus.tsv
ont_qiagen,default,sourmash,species,8,/dodo/eh58/bakeoff/reports/archive/default-reports/DYN/ont,sourmash-results/*-report.csv.summarized.csv,ont_qiagen_sourmash_default_species.tsv
ont_qiagen,default,sourmash,genus,8,/dodo/eh58/bakeoff/reports/archive/default-reports/DYN/ont,sourmash-results/*-report.csv.summarized.csv,ont_qiagen_sourmash_default_genus.tsv
ont_qiagen,default,sylph,species,8,/dodo/eh58/bakeoff/reports/archive/default-reports/DYN/ont,sylph-results/*.fastq.sylphmpa,ont_qiagen_sylph_default_species.tsv
ont_qiagen,default,sylph,genus,8,/dodo/eh58/bakeoff/reports/archive/default-reports/DYN/ont,sylph-results/*.fastq.sylphmpa,ont_qiagen_sylph_default_genus.tsv
ont_qiagen,default,ganon2,species,8,/dodo/eh58/bakeoff/reports/archive/default-reports/DYN/ont,ganon2-results/*.tre,ont_qiagen_ganon2_default_species.tsv
ont_qiagen,default,ganon2,genus,8,/dodo/eh58/bakeoff/reports/archive/default-reports/DYN/ont,ganon2-results/*.tre,ont_qiagen_ganon2_default_genus.tsv
ont_qiagen,unified,Kraken2,species,8,/dodo/eh58/bakeoff/reports/archive/unified-reports/DYN/ont,Kraken2-results/*_report.tsv,ont_qiagen_Kraken2_unified_species.tsv
ont_qiagen,unified,Kraken2,genus,8,/dodo/eh58/bakeoff/reports/archive/unified-reports/DYN/ont,Kraken2-results/*_report.tsv,ont_qiagen_Kraken2_unified_genus.tsv
ont_qiagen,unified,Centrifuge,species,8,/dodo/eh58/bakeoff/reports/archive/unified-reports/DYN/ont,Centrifuge-results/*_report.tsv,ont_qiagen_Centrifuge_unified_species.tsv
ont_qiagen,unified,Centrifuge,genus,8,/dodo/eh58/bakeoff/reports/archive/unified-reports/DYN/ont,Centrifuge-results/*_report.tsv,ont_qiagen_Centrifuge_unified_genus.tsv
ont_qiagen,unified,Centrifuger,species,8,/dodo/eh58/bakeoff/reports/archive/unified-reports/DYN/ont,Centrifuger-results/*_report.tsv,ont_qiagen_Centrifuger_unified_species.tsv
ont_qiagen,unified,Centrifuger,genus,8,/dodo/eh58/bakeoff/reports/archive/unified-reports/DYN/ont,Centrifuger-results/*_report.tsv,ont_qiagen_Centrifuger_unified_genus.tsv
ont_qiagen,unified,sourmash,species,8,/dodo/eh58/bakeoff/reports/archive/unified-reports/DYN/ont,sourmash-results/*-report.csv.summarized.csv,ont_qiagen_sourmash_unified_species.tsv
ont_qiagen,unified,sourmash,genus,8,/dodo/eh58/bakeoff/reports/archive/unified-reports/DYN/ont,sourmash-results/*-report.csv.summarized.csv,ont_qiagen_sourmash_unified_genus.tsv
ont_qiagen,unified,sylph,species,8,/dodo/eh58/bakeoff/reports/archive/unified-reports/DYN/ont,sylph-results/*.fastq.sylphmpa,ont_qiagen_sylph_unified_species.tsv
ont_qiagen,unified,sylph,genus,8,/dodo/eh58/bakeoff/reports/archive/unified-reports/DYN/ont,sylph-results/*.fastq.sylphmpa,ont_qiagen_sylph_unified_genus.tsv
ont_qiagen,unified,ganon2,species,8,/dodo/eh58/bakeoff/reports/archive/unified-reports/DYN/ont,ganon2-results/*.tre,ont_qiagen_ganon2_unified_species.tsv
ont_qiagen,unified,ganon2,genus,8,/dodo/eh58/bakeoff/reports/archive/unified-reports/DYN/ont,ganon2-results/*.tre,ont_qiagen_ganon2_unified_genus.tsv
ont_zymo,default,Kraken2,species,9,/dodo/eh58/bakeoff/reports/archive/default-reports/DYN/ont,Kraken2-results/*_report.tsv,ont_zymo_Kraken2_default_species.tsv
ont_zymo,default,Kraken2,genus,9,/dodo/eh58/bakeoff/reports/archive/default-reports/DYN/ont,Kraken2-results/*_report.tsv,ont_zymo_Kraken2_default_genus.tsv
ont_zymo,default,Centrifuge,species,9,/dodo/eh58/bakeoff/reports/archive/default-reports/DYN/ont,Centrifuge-results/*_report.tsv,ont_zymo_Centrifuge_default_species.tsv
ont_zymo,default,Centrifuge,genus,9,/dodo/eh58/bakeoff/reports/archive/default-reports/DYN/ont,Centrifuge-results/*_report.tsv,ont_zymo_Centrifuge_default_genus.tsv
ont_zymo,default,Centrifuger,species,9,/dodo/eh58/bakeoff/reports/archive/default-reports/DYN/ont,Centrifuger-results/*_report.tsv,ont_zymo_Centrifuger_default_species.tsv
ont_zymo,default,Centrifuger,genus,9,/dodo/eh58/bakeoff/reports/archive/default-reports/DYN/ont,Centrifuger-results/*_report.tsv,ont_zymo_Centrifuger_default_genus.tsv
ont_zymo,default,sourmash,species,9,/dodo/eh58/bakeoff/reports/archive/default-reports/DYN/ont,sourmash-results/*-report.csv.summarized.csv,ont_zymo_sourmash_default_species.tsv
ont_zymo,default,sourmash,genus,9,/dodo/eh58/bakeoff/reports/archive/default-reports/DYN/ont,sourmash-results/*-report.csv.summarized.csv,ont_zymo_sourmash_default_genus.tsv
ont_zymo,default,sylph,species,9,/dodo/eh58/bakeoff/reports/archive/default-reports/DYN/ont,sylph-results/*.fastq.sylphmpa,ont_zymo_sylph_default_species.tsv
ont_zymo,default,sylph,genus,9,/dodo/eh58/bakeoff/reports/archive/default-reports/DYN/ont,sylph-results/*.fastq.sylphmpa,ont_zymo_sylph_default_genus.tsv
ont_zymo,default,ganon2,species,9,/dodo/eh58/bakeoff/reports/archive/default-reports/DYN/ont,ganon2-results/*.tre,ont_zymo_ganon2_default_species.tsv
ont_zymo,default,ganon2,genus,9,/dodo/eh58/bakeoff/reports/archive/default-reports/DYN/ont,ganon2-results/*.tre,ont_zymo_ganon2_default_genus.tsv
ont_zymo,unified,Kraken2,species,9,/dodo/eh58/bakeoff/reports/archive/unified-reports/DYN/ont,Kraken2-results/*_report.tsv,ont_zymo_Kraken2_unified_species.tsv
ont_zymo,unified,Kraken2,genus,9,/dodo/eh58/bakeoff/reports/archive/unified-reports/DYN/ont,Kraken2-results/*_report.tsv,ont_zymo_Kraken2_unified_genus.tsv
ont_zymo,unified,Centrifuge,species,9,/dodo/eh58/bakeoff/reports/archive/unified-reports/DYN/ont,Centrifuge-results/*_report.tsv,ont_zymo_Centrifuge_unified_species.tsv
ont_zymo,unified,Centrifuge,genus,9,/dodo/eh58/bakeoff/reports/archive/unified-reports/DYN/ont,Centrifuge-results/*_report.tsv,ont_zymo_Centrifuge_unified_genus.tsv
ont_zymo,unified,Centrifuger,species,9,/dodo/eh58/bakeoff/reports/archive/unified-reports/DYN/ont,Centrifuger-results/*_report.tsv,ont_zymo_Centrifuger_unified_species.tsv
ont_zymo,unified,Centrifuger,genus,9,/dodo/eh58/bakeoff/reports/archive/unified-reports/DYN/ont,Centrifuger-results/*_report.tsv,ont_zymo_Centrifuger_unified_genus.tsv
ont_zymo,unified,sourmash,species,9,/dodo/eh58/bakeoff/reports/archive/unified-reports/DYN/ont,sourmash-results/*-report.csv.summarized.csv,ont_zymo_sourmash_unified_species.tsv
ont_zymo,unified,sourmash,genus,9,/dodo/eh58/bakeoff/reports/archive/unified-reports/DYN/ont,sourmash-results/*-report.csv.summarized.csv,ont_zymo_sourmash_unified_genus.tsv
ont_zymo,unified,sylph,species,9,/dodo/eh58/bakeoff/reports/archive/unified-reports/DYN/ont,sylph-results/*.fastq.sylphmpa,ont_zymo_sylph_unified_species.tsv
ont_zymo,unified,sylph,genus,9,/dodo/eh58/bakeoff/reports/archive/unified-reports/DYN/ont,sylph-results/*.fastq.sylphmpa,ont_zymo_sylph_unified_genus.tsv
ont_zymo,unified,ganon2,species,9,/dodo/eh58/bakeoff/reports/archive/unified-reports/DYN/ont,ganon2-results/*.tre,ont_zymo_ganon2_unified_species.tsv
ont_zymo,unified,ganon2,genus,9,/dodo/eh58/bakeoff/reports/archive/unified-reports/DYN/ont,ganon2-results/*.tre,ont_zymo_ganon2_unified_genus.tsv
