tool,db,tool_db,data_type,project,technology,sample,taxid_raw,taxid,name_raw,name,rank,value,value_type,abundance_raw,numReads,numDirectReads
Centrifuger,unified,Centrifuger_unified,ZymoMockD6331,ZymoMockD6331,pacbio,SRR13128013,853,853,                  Faecalibacterium_prausnitzii,Faecalibacterium prausnitzii,species,19.594901605401695,fraction_reads,19.59,542942,542935
Centrifuger,unified,Centrifuger_unified,ZymoMockD6331,ZymoMockD6331,pacbio,SRR13128013,3030638,3030638,                  Faecalibacterium_taiwanense,Faecalibacterium taiwanense,species,0.010502256902527147,fraction_reads,0.01,291,291
Centrifuger,unified,Centrifuger_unified,ZymoMockD6331,ZymoMockD6331,pacbio,SRR13128013,2929489,2929489,                    Faecalibacterium_sp._IP-3-29,Faecalibacterium_sp._IP-3-29,species,0.001263158046695705,fraction_reads,0.0,35,35
Centrifuger,unified,Centrifuger_unified,ZymoMockD6331,ZymoMockD6331,pacbio,SRR13128013,3141185,3141185,                    Faecalibacterium_sp._i25-0019-C1,Faecalibacterium_sp._i25-0019-C1,species,0.0002165413794335494,fraction_reads,0.0,6,6
Centrifuger,unified,Centrifuger_unified,ZymoMockD6331,ZymoMockD6331,pacbio,SRR13128013,2929493,2929493,                    Faecalibacterium_sp._I3-3-89,Faecalibacterium_sp._I3-3-89,species,0.0001082706897167747,fraction_reads,0.0,3,3
Centrifuger,unified,Centrifuger_unified,ZymoMockD6331,ZymoMockD6331,pacbio,SRR13128013,2929492,2929492,                    Faecalibacterium_sp._I3-3-33,Faecalibacterium_sp._I3-3-33,species,7.218045981118314e-05,fraction_reads,0.0,2,2
Centrifuger,unified,Centrifuger_unified,ZymoMockD6331,ZymoMockD6331,pacbio,SRR13128013,2929495,2929495,                    Faecalibacterium_sp._I4-3-84,Faecalibacterium_sp._I4-3-84,species,3.609022990559157e-05,fraction_reads,0.0,1,1
Centrifuger,unified,Centrifuger_unified,ZymoMockD6331,ZymoMockD6331,pacbio,SRR13128013,411483,411483,                  Faecalibacterium_duncaniae,Faecalibacterium duncaniae,species,3.609022990559157e-05,fraction_reads,0.0,1,1
Centrifuger,unified,Centrifuger_unified,ZymoMockD6331,ZymoMockD6331,pacbio,SRR13128013,2714353,2714353,                  Vescimonas_fastidiosa,Vescimonas fastidiosa,species,7.218045981118314e-05,fraction_reads,0.0,2,2
Centrifuger,unified,Centrifuger_unified,ZymoMockD6331,ZymoMockD6331,pacbio,SRR13128013,2714355,2714355,                  Vescimonas_coprocola,Vescimonas coprocola,species,3.609022990559157e-05,fraction_reads,0.0,1,1
Centrifuger,unified,Centrifuger_unified,ZymoMockD6331,ZymoMockD6331,pacbio,SRR13128013,411486,411486,                    Clostridium_sp._M62/1,Clostridium_sp._M62/1,species,0.00014436091962236627,fraction_reads,0.0,4,4
Centrifuger,unified,Centrifuger_unified,ZymoMockD6331,ZymoMockD6331,pacbio,SRR13128013,1502,1502,                  Clostridium_perfringens,Clostridium perfringens,species,7.218045981118314e-05,fraction_reads,0.0,2,2
Centrifuger,unified,Centrifuger_unified,ZymoMockD6331,ZymoMockD6331,pacbio,SRR13128013,1522,1522,                  [Clostridium]_innocuum,[Clostridium]_innocuum,species,3.609022990559157e-05,fraction_reads,0.0,1,1
Centrifuger,unified,Centrifuger_unified,ZymoMockD6331,ZymoMockD6331,pacbio,SRR13128013,39490,39490,                  Eubacterium_ramulus,Eubacterium ramulus,species,7.218045981118314e-05,fraction_reads,0.0,2,2
Centrifuger,unified,Centrifuger_unified,ZymoMockD6331,ZymoMockD6331,pacbio,SRR13128013,53442,53442,                  Eubacterium_callanderi,Eubacterium callanderi,species,3.609022990559157e-05,fraction_reads,0.0,1,1
Centrifuger,unified,Centrifuger_unified,ZymoMockD6331,ZymoMockD6331,pacbio,SRR13128013,301301,301301,                  Roseburia_hominis,Roseburia hominis,species,5.789594681454999,fraction_reads,5.79,160420,160418
Centrifuger,unified,Centrifuger_unified,ZymoMockD6331,ZymoMockD6331,pacbio,SRR13128013,166486,166486,                  Roseburia_intestinalis,Roseburia intestinalis,species,3.609022990559157e-05,fraction_reads,0.0,1,0
Centrifuger,unified,Centrifuger_unified,ZymoMockD6331,ZymoMockD6331,pacbio,SRR13128013,301302,301302,                  Roseburia_faecis,Roseburia faecis,species,3.609022990559157e-05,fraction_reads,0.0,1,1
Centrifuger,unified,Centrifuger_unified,ZymoMockD6331,ZymoMockD6331,pacbio,SRR13128013,33039,33039,                  [Ruminococcus]_torques,[Ruminococcus]_torques,species,0.00018045114952795784,fraction_reads,0.0,5,0
Centrifuger,unified,Centrifuger_unified,ZymoMockD6331,ZymoMockD6331,pacbio,SRR13128013,33038,33038,                  Mediterraneibacter_gnavus,Mediterraneibacter gnavus,species,3.609022990559157e-05,fraction_reads,0.0,1,1
Centrifuger,unified,Centrifuger_unified,ZymoMockD6331,ZymoMockD6331,pacbio,SRR13128013,2763670,2763670,                  Wujia_chipingensis,Wujia chipingensis,species,0.00014436091962236627,fraction_reads,0.0,4,4
Centrifuger,unified,Centrifuger_unified,ZymoMockD6331,ZymoMockD6331,pacbio,SRR13128013,39491,39491,                  Agathobacter_rectalis,Agathobacter rectalis,species,0.0001082706897167747,fraction_reads,0.0,3,3
Centrifuger,unified,Centrifuger_unified,ZymoMockD6331,ZymoMockD6331,pacbio,SRR13128013,1496,1496,                  Clostridioides_difficile,Clostridioides difficile,species,2.702508595790508,fraction_reads,2.7,74882,72064
Centrifuger,unified,Centrifuger_unified,ZymoMockD6331,ZymoMockD6331,pacbio,SRR13128013,423477,423477,                  Veillonella_rogosae,Veillonella rogosae,species,16.787623072195256,fraction_reads,16.79,465157,465157
Centrifuger,unified,Centrifuger_unified,ZymoMockD6331,ZymoMockD6331,pacbio,SRR13128013,1613,1613,                  Limosilactobacillus_fermentum,Limosilactobacillus fermentum,species,1.0555309540488367,fraction_reads,1.06,29247,29247
Centrifuger,unified,Centrifuger_unified,ZymoMockD6331,ZymoMockD6331,pacbio,SRR13128013,1351,1351,                  Enterococcus_faecalis,Enterococcus faecalis,species,0.0005413534485838734,fraction_reads,0.0,15,15
Centrifuger,unified,Centrifuger_unified,ZymoMockD6331,ZymoMockD6331,pacbio,SRR13128013,1314,1314,                  Streptococcus_pyogenes,Streptococcus pyogenes,species,3.609022990559157e-05,fraction_reads,0.0,1,1
Centrifuger,unified,Centrifuger_unified,ZymoMockD6331,ZymoMockD6331,pacbio,SRR13128013,1280,1280,                  Staphylococcus_aureus,Staphylococcus aureus,species,3.609022990559157e-05,fraction_reads,0.0,1,1
Centrifuger,unified,Centrifuger_unified,ZymoMockD6331,ZymoMockD6331,pacbio,SRR13128013,86661,86661,                  Bacillus_cereus_group,Bacillus cereus_group,species,3.609022990559157e-05,fraction_reads,0.0,1,0
Centrifuger,unified,Centrifuger_unified,ZymoMockD6331,ZymoMockD6331,pacbio,SRR13128013,1396,1396,                    Bacillus_cereus,Bacillus cereus,species,3.609022990559157e-05,fraction_reads,0.0,1,1
Centrifuger,unified,Centrifuger_unified,ZymoMockD6331,ZymoMockD6331,pacbio,SRR13128013,1680,1680,                  Bifidobacterium_adolescentis,Bifidobacterium adolescentis,species,1.011500873564015,fraction_reads,1.01,28027,27690
Centrifuger,unified,Centrifuger_unified,ZymoMockD6331,ZymoMockD6331,pacbio,SRR13128013,2985571,2985571,                    Bifidobacterium_sp._KRGSERBCFTRI,Bifidobacterium_sp._KRGSERBCFTRI,species,0.3457804927254728,fraction_reads,0.35,9581,9581
Centrifuger,unified,Centrifuger_unified,ZymoMockD6331,ZymoMockD6331,pacbio,SRR13128013,216816,216816,                  Bifidobacterium_longum,Bifidobacterium longum,species,0.00018045114952795784,fraction_reads,0.0,5,1
Centrifuger,unified,Centrifuger_unified,ZymoMockD6331,ZymoMockD6331,pacbio,SRR13128013,1454229,1454229,                  Bifidobacterium_faecale,Bifidobacterium faecale,species,3.609022990559157e-05,fraction_reads,0.0,1,1
Centrifuger,unified,Centrifuger_unified,ZymoMockD6331,ZymoMockD6331,pacbio,SRR13128013,544580,544580,                  Actinomyces_oris,Actinomyces oris,species,0.010033083913754456,fraction_reads,0.01,278,278
Centrifuger,unified,Centrifuger_unified,ZymoMockD6331,ZymoMockD6331,pacbio,SRR13128013,2886375,2886375,                    Spiroplasma_endosymbiont_of_Phyllotreta_cruciferae,Spiroplasma endosymbiont_of Phyllotreta_cruciferae,species,0.006279700003572933,fraction_reads,0.01,174,174
Centrifuger,unified,Centrifuger_unified,ZymoMockD6331,ZymoMockD6331,pacbio,SRR13128013,817,817,                      Bacteroides_fragilis,Bacteroides fragilis,species,19.67271214107815,fraction_reads,19.67,545098,545070
Centrifuger,unified,Centrifuger_unified,ZymoMockD6331,ZymoMockD6331,pacbio,SRR13128013,818,818,                      Bacteroides_thetaiotaomicron,Bacteroides thetaiotaomicron,species,0.0027067672429193675,fraction_reads,0.0,75,75
Centrifuger,unified,Centrifuger_unified,ZymoMockD6331,ZymoMockD6331,pacbio,SRR13128013,28116,28116,                      Bacteroides_ovatus,Bacteroides ovatus,species,0.0021293235644299024,fraction_reads,0.0,59,59
Centrifuger,unified,Centrifuger_unified,ZymoMockD6331,ZymoMockD6331,pacbio,SRR13128013,820,820,                      Bacteroides_uniformis,Bacteroides uniformis,species,0.00014436091962236627,fraction_reads,0.0,4,4
Centrifuger,unified,Centrifuger_unified,ZymoMockD6331,ZymoMockD6331,pacbio,SRR13128013,821,821,                      Phocaeicola_vulgatus,Phocaeicola vulgatus,species,0.006424060923195299,fraction_reads,0.01,178,178
Centrifuger,unified,Centrifuger_unified,ZymoMockD6331,ZymoMockD6331,pacbio,SRR13128013,28128,28128,                      Prevotella_corporis,Prevotella corporis,species,7.751495669352862,fraction_reads,7.75,214781,214781
Centrifuger,unified,Centrifuger_unified,ZymoMockD6331,ZymoMockD6331,pacbio,SRR13128013,823,823,                      Parabacteroides_distasonis,Parabacteroides distasonis,species,0.0015879701158460291,fraction_reads,0.0,44,0
Centrifuger,unified,Centrifuger_unified,ZymoMockD6331,ZymoMockD6331,pacbio,SRR13128013,2585118,2585118,                      Alistipes_communis,Alistipes communis,species,0.00014436091962236627,fraction_reads,0.0,4,4
Centrifuger,unified,Centrifuger_unified,ZymoMockD6331,ZymoMockD6331,pacbio,SRR13128013,538949,538949,                        uncultured_Alistipes_sp.,uncultured Alistipes_sp.,species,3.609022990559157e-05,fraction_reads,0.0,1,1
Centrifuger,unified,Centrifuger_unified,ZymoMockD6331,ZymoMockD6331,pacbio,SRR13128013,2606626,2606626,                      Sodaliphilus_pleomorphus,Sodaliphilus pleomorphus,species,3.609022990559157e-05,fraction_reads,0.0,1,1
Centrifuger,unified,Centrifuger_unified,ZymoMockD6331,ZymoMockD6331,pacbio,SRR13128013,2686361,2686361,                        Polaribacter_sp._L3A8,Polaribacter_sp._L3A8,species,3.609022990559157e-05,fraction_reads,0.0,1,1
Centrifuger,unified,Centrifuger_unified,ZymoMockD6331,ZymoMockD6331,pacbio,SRR13128013,562,562,                  Escherichia_coli,Escherichia coli,species,15.60126503473865,fraction_reads,15.6,432285,390801
Centrifuger,unified,Centrifuger_unified,ZymoMockD6331,ZymoMockD6331,pacbio,SRR13128013,2860337,2860337,                    Escherichia_sp._TM-G17TGC,Escherichia_sp._TM-G17TGC,species,0.010033083913754456,fraction_reads,0.01,278,278
Centrifuger,unified,Centrifuger_unified,ZymoMockD6331,ZymoMockD6331,pacbio,SRR13128013,2857061,2857061,                    Escherichia_sp._TC-EC600-tetX4,Escherichia_sp._TC-EC600-tetX4,species,0.004330827588670988,fraction_reads,0.0,120,120
Centrifuger,unified,Centrifuger_unified,ZymoMockD6331,ZymoMockD6331,pacbio,SRR13128013,2725997,2725997,                    Escherichia_sp._SCLE84,Escherichia_sp._SCLE84,species,0.0003969925289615073,fraction_reads,0.0,11,11
Centrifuger,unified,Centrifuger_unified,ZymoMockD6331,ZymoMockD6331,pacbio,SRR13128013,564,564,                  Escherichia_fergusonii,Escherichia fergusonii,species,0.0003248120691503241,fraction_reads,0.0,9,6
Centrifuger,unified,Centrifuger_unified,ZymoMockD6331,ZymoMockD6331,pacbio,SRR13128013,208962,208962,                  Escherichia_albertii,Escherichia albertii,species,3.609022990559157e-05,fraction_reads,0.0,1,1
Centrifuger,unified,Centrifuger_unified,ZymoMockD6331,ZymoMockD6331,pacbio,SRR13128013,623,623,                  Shigella_flexneri,Shigella flexneri,species,0.04186466669048622,fraction_reads,0.04,1160,1157
Centrifuger,unified,Centrifuger_unified,ZymoMockD6331,ZymoMockD6331,pacbio,SRR13128013,621,621,                  Shigella_boydii,Shigella boydii,species,0.004655639657821312,fraction_reads,0.0,129,128
Centrifuger,unified,Centrifuger_unified,ZymoMockD6331,ZymoMockD6331,pacbio,SRR13128013,624,624,                  Shigella_sonnei,Shigella sonnei,species,0.00252631609339141,fraction_reads,0.0,70,70
Centrifuger,unified,Centrifuger_unified,ZymoMockD6331,ZymoMockD6331,pacbio,SRR13128013,622,622,                  Shigella_dysenteriae,Shigella dysenteriae,species,0.0006135339083950566,fraction_reads,0.0,17,17
Centrifuger,unified,Centrifuger_unified,ZymoMockD6331,ZymoMockD6331,pacbio,SRR13128013,28901,28901,                  Salmonella_enterica,Salmonella enterica,species,0.007975940809135735,fraction_reads,0.01,221,134
Centrifuger,unified,Centrifuger_unified,ZymoMockD6331,ZymoMockD6331,pacbio,SRR13128013,3390273,3390273,                    Klebsiella_pneumoniae_complex,Klebsiella pneumoniae_complex,species,0.001082706897167747,fraction_reads,0.0,30,0
Centrifuger,unified,Centrifuger_unified,ZymoMockD6331,ZymoMockD6331,pacbio,SRR13128013,573,573,                      Klebsiella_pneumoniae,Klebsiella pneumoniae,species,0.0010466166672621555,fraction_reads,0.0,29,21
Centrifuger,unified,Centrifuger_unified,ZymoMockD6331,ZymoMockD6331,pacbio,SRR13128013,1463165,1463165,                      Klebsiella_quasipneumoniae,Klebsiella quasipneumoniae,species,3.609022990559157e-05,fraction_reads,0.0,1,1
Centrifuger,unified,Centrifuger_unified,ZymoMockD6331,ZymoMockD6331,pacbio,SRR13128013,571,571,                    Klebsiella_oxytoca,Klebsiella oxytoca,species,7.218045981118314e-05,fraction_reads,0.0,2,2
Centrifuger,unified,Centrifuger_unified,ZymoMockD6331,ZymoMockD6331,pacbio,SRR13128013,54291,54291,                    Raoultella_ornithinolytica,Raoultella ornithinolytica,species,3.609022990559157e-05,fraction_reads,0.0,1,1
Centrifuger,unified,Centrifuger_unified,ZymoMockD6331,ZymoMockD6331,pacbio,SRR13128013,354276,354276,                  Enterobacter_cloacae_complex,Enterobacter cloacae_complex,species,0.0009383459775453808,fraction_reads,0.0,26,0
Centrifuger,unified,Centrifuger_unified,ZymoMockD6331,ZymoMockD6331,pacbio,SRR13128013,158836,158836,                    Enterobacter_hormaechei,Enterobacter hormaechei,species,0.0005413534485838734,fraction_reads,0.0,15,13
Centrifuger,unified,Centrifuger_unified,ZymoMockD6331,ZymoMockD6331,pacbio,SRR13128013,550,550,                    Enterobacter_cloacae,Enterobacter cloacae,species,0.0001082706897167747,fraction_reads,0.0,3,3
Centrifuger,unified,Centrifuger_unified,ZymoMockD6331,ZymoMockD6331,pacbio,SRR13128013,208224,208224,                    Enterobacter_kobei,Enterobacter kobei,species,0.0001082706897167747,fraction_reads,0.0,3,3
Centrifuger,unified,Centrifuger_unified,ZymoMockD6331,ZymoMockD6331,pacbio,SRR13128013,61645,61645,                    Enterobacter_asburiae,Enterobacter asburiae,species,7.218045981118314e-05,fraction_reads,0.0,2,2
Centrifuger,unified,Centrifuger_unified,ZymoMockD6331,ZymoMockD6331,pacbio,SRR13128013,1812935,1812935,                    Enterobacter_roggenkampii,Enterobacter roggenkampii,species,7.218045981118314e-05,fraction_reads,0.0,2,2
Centrifuger,unified,Centrifuger_unified,ZymoMockD6331,ZymoMockD6331,pacbio,SRR13128013,2494701,2494701,                    Enterobacter_chengduensis,Enterobacter chengduensis,species,3.609022990559157e-05,fraction_reads,0.0,1,1
Centrifuger,unified,Centrifuger_unified,ZymoMockD6331,ZymoMockD6331,pacbio,SRR13128013,2747372,2747372,                    Enterobacter_sp._DSM_30060,Enterobacter_sp._DSM_30060,species,3.609022990559157e-05,fraction_reads,0.0,1,1
Centrifuger,unified,Centrifuger_unified,ZymoMockD6331,ZymoMockD6331,pacbio,SRR13128013,1344959,1344959,                  Citrobacter_freundii_complex,Citrobacter freundii_complex,species,0.0003969925289615073,fraction_reads,0.0,11,0
Centrifuger,unified,Centrifuger_unified,ZymoMockD6331,ZymoMockD6331,pacbio,SRR13128013,546,546,                    Citrobacter_freundii,Citrobacter freundii,species,0.00028872183924473255,fraction_reads,0.0,8,8
Centrifuger,unified,Centrifuger_unified,ZymoMockD6331,ZymoMockD6331,pacbio,SRR13128013,1686385,1686385,                      Citrobacter_sp._BIDMC108,Citrobacter_sp._BIDMC108,species,7.218045981118314e-05,fraction_reads,0.0,2,2
Centrifuger,unified,Centrifuger_unified,ZymoMockD6331,ZymoMockD6331,pacbio,SRR13128013,1686378,1686378,                      Citrobacter_sp._MGH103,Citrobacter_sp._MGH103,species,3.609022990559157e-05,fraction_reads,0.0,1,1
Centrifuger,unified,Centrifuger_unified,ZymoMockD6331,ZymoMockD6331,pacbio,SRR13128013,35703,35703,                  Citrobacter_amalonaticus,Citrobacter amalonaticus,species,0.0001082706897167747,fraction_reads,0.0,3,3
Centrifuger,unified,Centrifuger_unified,ZymoMockD6331,ZymoMockD6331,pacbio,SRR13128013,28141,28141,                  Cronobacter_sakazakii,Cronobacter sakazakii,species,0.00014436091962236627,fraction_reads,0.0,4,4
Centrifuger,unified,Centrifuger_unified,ZymoMockD6331,ZymoMockD6331,pacbio,SRR13128013,413503,413503,                  Cronobacter_malonaticus,Cronobacter malonaticus,species,3.609022990559157e-05,fraction_reads,0.0,1,1
Centrifuger,unified,Centrifuger_unified,ZymoMockD6331,ZymoMockD6331,pacbio,SRR13128013,61646,61646,                  Lelliottia_amnigena,Lelliottia amnigena,species,3.609022990559157e-05,fraction_reads,0.0,1,1
Centrifuger,unified,Centrifuger_unified,ZymoMockD6331,ZymoMockD6331,pacbio,SRR13128013,1821960,1821960,                  Edwardsiella_anguillarum,Edwardsiella anguillarum,species,7.218045981118314e-05,fraction_reads,0.0,2,2
Centrifuger,unified,Centrifuger_unified,ZymoMockD6331,ZymoMockD6331,pacbio,SRR13128013,136841,136841,                  Pseudomonas_aeruginosa_group,Pseudomonas aeruginosa_group,species,3.609022990559157e-05,fraction_reads,0.0,1,0
Centrifuger,unified,Centrifuger_unified,ZymoMockD6331,ZymoMockD6331,pacbio,SRR13128013,287,287,                    Pseudomonas_aeruginosa,Pseudomonas aeruginosa,species,3.609022990559157e-05,fraction_reads,0.0,1,1
Centrifuger,unified,Centrifuger_unified,ZymoMockD6331,ZymoMockD6331,pacbio,SRR13128013,87882,87882,                  Burkholderia_cepacia_complex,Burkholderia cepacia_complex,species,0.0027789477027305508,fraction_reads,0.0,77,0
Centrifuger,unified,Centrifuger_unified,ZymoMockD6331,ZymoMockD6331,pacbio,SRR13128013,87883,87883,                    Burkholderia_multivorans,Burkholderia multivorans,species,0.0027789477027305508,fraction_reads,0.0,77,77
Centrifuger,unified,Centrifuger_unified,ZymoMockD6331,ZymoMockD6331,pacbio,SRR13128013,418223,418223,                  Methylobacterium_phyllosphaerae,Methylobacterium phyllosphaerae,species,3.609022990559157e-05,fraction_reads,0.0,1,1
Centrifuger,unified,Centrifuger_unified,ZymoMockD6331,ZymoMockD6331,pacbio,SRR13128013,2051553,2051553,                  Methylobacterium_currus,Methylobacterium currus,species,3.609022990559157e-05,fraction_reads,0.0,1,1
Centrifuger,unified,Centrifuger_unified,ZymoMockD6331,ZymoMockD6331,pacbio,SRR13128013,3038924,3038924,                    Methylobacterium_sp._391_Methyba4,Methylobacterium_sp._391_Methyba4,species,3.609022990559157e-05,fraction_reads,0.0,1,1
Centrifuger,unified,Centrifuger_unified,ZymoMockD6331,ZymoMockD6331,pacbio,SRR13128013,2785056,2785056,                      Rhizobium_sp._007,Rhizobium_sp._007,species,3.609022990559157e-05,fraction_reads,0.0,1,1
Centrifuger,unified,Centrifuger_unified,ZymoMockD6331,ZymoMockD6331,pacbio,SRR13128013,239935,239935,                    Akkermansia_muciniphila,Akkermansia muciniphila,species,2.025997236210194,fraction_reads,2.03,56137,56137
Centrifuger,unified,Centrifuger_unified,ZymoMockD6331,ZymoMockD6331,pacbio,SRR13128013,2927224,2927224,                    Akkermansia_massiliensis,Akkermansia massiliensis,species,0.0006496241383006482,fraction_reads,0.0,18,18
Centrifuger,unified,Centrifuger_unified,ZymoMockD6331,ZymoMockD6331,pacbio,SRR13128013,76517,76517,                  Campylobacter_hominis,Campylobacter hominis,species,3.609022990559157e-05,fraction_reads,0.0,1,1
Centrifuger,unified,Centrifuger_unified,ZymoMockD6331,ZymoMockD6331,pacbio,SRR13128013,851,851,                  Fusobacterium_nucleatum,Fusobacterium nucleatum,species,5.19334799318472,fraction_reads,5.19,143899,143899
Centrifuger,unified,Centrifuger_unified,ZymoMockD6331,ZymoMockD6331,pacbio,SRR13128013,76859,76859,                  Fusobacterium_animalis,Fusobacterium animalis,species,0.026851131049760123,fraction_reads,0.03,744,738
Centrifuger,unified,Centrifuger_unified,ZymoMockD6331,ZymoMockD6331,pacbio,SRR13128013,5476,5476,                            Candida_albicans,Candida albicans,species,0.22502258346136342,fraction_reads,0.23,6235,0
Centrifuger,unified,Centrifuger_unified,ZymoMockD6331,ZymoMockD6331,pacbio,SRR13128013,4959,4959,                          Debaryomyces_hansenii,Debaryomyces hansenii,species,3.609022990559157e-05,fraction_reads,0.0,1,1
Centrifuger,unified,Centrifuger_unified,ZymoMockD6331,ZymoMockD6331,pacbio,SRR13128013,13502,13502,                          Brettanomyces_nanus,Brettanomyces nanus,species,3.609022990559157e-05,fraction_reads,0.0,1,1
Centrifuger,unified,Centrifuger_unified,ZymoMockD6331,ZymoMockD6331,pacbio,SRR13128013,4932,4932,                          Saccharomyces_cerevisiae,Saccharomyces cerevisiae,species,0.19178348171831358,fraction_reads,0.19,5314,0
Centrifuger,unified,Centrifuger_unified,ZymoMockD6331,ZymoMockD6331,pacbio,SRR13128013,27291,27291,                          Saccharomyces_paradoxus,Saccharomyces paradoxus,species,0.0007218045981118314,fraction_reads,0.0,20,20
Centrifuger,unified,Centrifuger_unified,ZymoMockD6331,ZymoMockD6331,pacbio,SRR13128013,114525,114525,                          Saccharomyces_mikatae,Saccharomyces mikatae,species,3.609022990559157e-05,fraction_reads,0.0,1,0
Centrifuger,unified,Centrifuger_unified,ZymoMockD6331,ZymoMockD6331,pacbio,SRR13128013,4952,4952,                          Yarrowia_lipolytica,Yarrowia lipolytica,species,3.609022990559157e-05,fraction_reads,0.0,1,1
Centrifuger,unified,Centrifuger_unified,ZymoMockD6331,ZymoMockD6331,pacbio,SRR13128013,2173,2173,                    Methanobrevibacter_smithii,Methanobrevibacter smithii,species,0.055759405204138975,fraction_reads,0.06,1545,0
Centrifuger,unified,Centrifuger_unified,ZymoMockD6331,ZymoMockD6331,pacbio,SRR13128013,2844172,2844172,              Nesevirus_nv2G7b,Nesevirus_nv2G7b,species,3.609022990559157e-05,fraction_reads,0.0,1,0
Centrifuger,unified,Centrifuger_unified,ZymoMockD6331,ZymoMockD6331,pacbio,SRR13128013,216851,216851,                Faecalibacterium,Faecalibacterium,genus,19.653548228998282,fraction_reads,19.65,544567,1286
Centrifuger,unified,Centrifuger_unified,ZymoMockD6331,ZymoMockD6331,pacbio,SRR13128013,2892396,2892396,                Vescimonas,Vescimonas,genus,0.0001082706897167747,fraction_reads,0.0,3,0
Centrifuger,unified,Centrifuger_unified,ZymoMockD6331,ZymoMockD6331,pacbio,SRR13128013,1485,1485,                Clostridium,Clostridium,genus,0.00025263160933914095,fraction_reads,0.0,7,0
Centrifuger,unified,Centrifuger_unified,ZymoMockD6331,ZymoMockD6331,pacbio,SRR13128013,1730,1730,                Eubacterium,Eubacterium,genus,0.0001082706897167747,fraction_reads,0.0,3,0
Centrifuger,unified,Centrifuger_unified,ZymoMockD6331,ZymoMockD6331,pacbio,SRR13128013,841,841,                Roseburia,Roseburia,genus,5.789775132604527,fraction_reads,5.79,160425,3
Centrifuger,unified,Centrifuger_unified,ZymoMockD6331,ZymoMockD6331,pacbio,SRR13128013,2316020,2316020,                Mediterraneibacter,Mediterraneibacter,genus,0.0002165413794335494,fraction_reads,0.0,6,0
Centrifuger,unified,Centrifuger_unified,ZymoMockD6331,ZymoMockD6331,pacbio,SRR13128013,2944152,2944152,                Wujia,Wujia,genus,0.00014436091962236627,fraction_reads,0.0,4,0
Centrifuger,unified,Centrifuger_unified,ZymoMockD6331,ZymoMockD6331,pacbio,SRR13128013,1766253,1766253,                Agathobacter,Agathobacter,genus,0.0001082706897167747,fraction_reads,0.0,3,0
Centrifuger,unified,Centrifuger_unified,ZymoMockD6331,ZymoMockD6331,pacbio,SRR13128013,1870884,1870884,                Clostridioides,Clostridioides,genus,2.702508595790508,fraction_reads,2.7,74882,0
Centrifuger,unified,Centrifuger_unified,ZymoMockD6331,ZymoMockD6331,pacbio,SRR13128013,29465,29465,                Veillonella,Veillonella,genus,16.78765916242516,fraction_reads,16.79,465158,1
Centrifuger,unified,Centrifuger_unified,ZymoMockD6331,ZymoMockD6331,pacbio,SRR13128013,2742598,2742598,                Limosilactobacillus,Limosilactobacillus,genus,1.0555309540488367,fraction_reads,1.06,29247,0
Centrifuger,unified,Centrifuger_unified,ZymoMockD6331,ZymoMockD6331,pacbio,SRR13128013,1350,1350,                Enterococcus,Enterococcus,genus,0.0005413534485838734,fraction_reads,0.0,15,0
Centrifuger,unified,Centrifuger_unified,ZymoMockD6331,ZymoMockD6331,pacbio,SRR13128013,1301,1301,                Streptococcus,Streptococcus,genus,3.609022990559157e-05,fraction_reads,0.0,1,0
Centrifuger,unified,Centrifuger_unified,ZymoMockD6331,ZymoMockD6331,pacbio,SRR13128013,1279,1279,                Staphylococcus,Staphylococcus,genus,3.609022990559157e-05,fraction_reads,0.0,1,0
Centrifuger,unified,Centrifuger_unified,ZymoMockD6331,ZymoMockD6331,pacbio,SRR13128013,1386,1386,                Bacillus,Bacillus,genus,3.609022990559157e-05,fraction_reads,0.0,1,0
Centrifuger,unified,Centrifuger_unified,ZymoMockD6331,ZymoMockD6331,pacbio,SRR13128013,1678,1678,                Bifidobacterium,Bifidobacterium,genus,2.0542197959963664,fraction_reads,2.05,56919,19305
Centrifuger,unified,Centrifuger_unified,ZymoMockD6331,ZymoMockD6331,pacbio,SRR13128013,1654,1654,                Actinomyces,Actinomyces,genus,0.010033083913754456,fraction_reads,0.01,278,0
Centrifuger,unified,Centrifuger_unified,ZymoMockD6331,ZymoMockD6331,pacbio,SRR13128013,2132,2132,                Spiroplasma,Spiroplasma,genus,0.006279700003572933,fraction_reads,0.01,174,0
Centrifuger,unified,Centrifuger_unified,ZymoMockD6331,ZymoMockD6331,pacbio,SRR13128013,816,816,                    Bacteroides,Bacteroides,genus,19.69909409913914,fraction_reads,19.7,545829,593
Centrifuger,unified,Centrifuger_unified,ZymoMockD6331,ZymoMockD6331,pacbio,SRR13128013,909656,909656,                    Phocaeicola,Phocaeicola,genus,0.006424060923195299,fraction_reads,0.01,178,0
Centrifuger,unified,Centrifuger_unified,ZymoMockD6331,ZymoMockD6331,pacbio,SRR13128013,838,838,                    Prevotella,Prevotella,genus,7.751495669352862,fraction_reads,7.75,214781,0
Centrifuger,unified,Centrifuger_unified,ZymoMockD6331,ZymoMockD6331,pacbio,SRR13128013,375288,375288,                    Parabacteroides,Parabacteroides,genus,0.0015879701158460291,fraction_reads,0.0,44,0
Centrifuger,unified,Centrifuger_unified,ZymoMockD6331,ZymoMockD6331,pacbio,SRR13128013,239759,239759,                    Alistipes,Alistipes,genus,0.00018045114952795784,fraction_reads,0.0,5,0
Centrifuger,unified,Centrifuger_unified,ZymoMockD6331,ZymoMockD6331,pacbio,SRR13128013,2815786,2815786,                    Sodaliphilus,Sodaliphilus,genus,3.609022990559157e-05,fraction_reads,0.0,1,0
Centrifuger,unified,Centrifuger_unified,ZymoMockD6331,ZymoMockD6331,pacbio,SRR13128013,52959,52959,                    Polaribacter,Polaribacter,genus,3.609022990559157e-05,fraction_reads,0.0,1,0
Centrifuger,unified,Centrifuger_unified,ZymoMockD6331,ZymoMockD6331,pacbio,SRR13128013,561,561,                Escherichia,Escherichia,genus,16.050985389592228,fraction_reads,16.05,444746,12042
Centrifuger,unified,Centrifuger_unified,ZymoMockD6331,ZymoMockD6331,pacbio,SRR13128013,620,620,                Shigella,Shigella,genus,0.04973233680990518,fraction_reads,0.05,1378,2
Centrifuger,unified,Centrifuger_unified,ZymoMockD6331,ZymoMockD6331,pacbio,SRR13128013,590,590,                Salmonella,Salmonella,genus,0.007975940809135735,fraction_reads,0.01,221,0
Centrifuger,unified,Centrifuger_unified,ZymoMockD6331,ZymoMockD6331,pacbio,SRR13128013,570,570,                  Klebsiella,Klebsiella,genus,0.0011548873569789302,fraction_reads,0.0,32,0
Centrifuger,unified,Centrifuger_unified,ZymoMockD6331,ZymoMockD6331,pacbio,SRR13128013,160674,160674,                  Raoultella,Raoultella,genus,3.609022990559157e-05,fraction_reads,0.0,1,0
Centrifuger,unified,Centrifuger_unified,ZymoMockD6331,ZymoMockD6331,pacbio,SRR13128013,547,547,                Enterobacter,Enterobacter,genus,0.0009744362074509723,fraction_reads,0.0,27,0
Centrifuger,unified,Centrifuger_unified,ZymoMockD6331,ZymoMockD6331,pacbio,SRR13128013,544,544,                Citrobacter,Citrobacter,genus,0.0005052632186782819,fraction_reads,0.0,14,0
Centrifuger,unified,Centrifuger_unified,ZymoMockD6331,ZymoMockD6331,pacbio,SRR13128013,413496,413496,                Cronobacter,Cronobacter,genus,0.00018045114952795784,fraction_reads,0.0,5,0
Centrifuger,unified,Centrifuger_unified,ZymoMockD6331,ZymoMockD6331,pacbio,SRR13128013,1330545,1330545,                Lelliottia,Lelliottia,genus,3.609022990559157e-05,fraction_reads,0.0,1,0
Centrifuger,unified,Centrifuger_unified,ZymoMockD6331,ZymoMockD6331,pacbio,SRR13128013,635,635,                Edwardsiella,Edwardsiella,genus,7.218045981118314e-05,fraction_reads,0.0,2,0
Centrifuger,unified,Centrifuger_unified,ZymoMockD6331,ZymoMockD6331,pacbio,SRR13128013,286,286,                Pseudomonas,Pseudomonas,genus,3.609022990559157e-05,fraction_reads,0.0,1,0
Centrifuger,unified,Centrifuger_unified,ZymoMockD6331,ZymoMockD6331,pacbio,SRR13128013,32008,32008,                Burkholderia,Burkholderia,genus,0.0027789477027305508,fraction_reads,0.0,77,0
Centrifuger,unified,Centrifuger_unified,ZymoMockD6331,ZymoMockD6331,pacbio,SRR13128013,407,407,                Methylobacterium,Methylobacterium,genus,0.00014436091962236627,fraction_reads,0.0,4,1
Centrifuger,unified,Centrifuger_unified,ZymoMockD6331,ZymoMockD6331,pacbio,SRR13128013,379,379,                  Rhizobium,Rhizobium,genus,3.609022990559157e-05,fraction_reads,0.0,1,0
Centrifuger,unified,Centrifuger_unified,ZymoMockD6331,ZymoMockD6331,pacbio,SRR13128013,239934,239934,                  Akkermansia,Akkermansia,genus,2.0364634028828155,fraction_reads,2.04,56427,272
Centrifuger,unified,Centrifuger_unified,ZymoMockD6331,ZymoMockD6331,pacbio,SRR13128013,194,194,                Campylobacter,Campylobacter,genus,3.609022990559157e-05,fraction_reads,0.0,1,0
Centrifuger,unified,Centrifuger_unified,ZymoMockD6331,ZymoMockD6331,pacbio,SRR13128013,848,848,                Fusobacterium,Fusobacterium,genus,5.253979579426115,fraction_reads,5.25,145579,936
Centrifuger,unified,Centrifuger_unified,ZymoMockD6331,ZymoMockD6331,pacbio,SRR13128013,5475,5475,                          Candida,Candida,genus,0.22502258346136342,fraction_reads,0.23,6235,0
Centrifuger,unified,Centrifuger_unified,ZymoMockD6331,ZymoMockD6331,pacbio,SRR13128013,4958,4958,                        Debaryomyces,Debaryomyces,genus,3.609022990559157e-05,fraction_reads,0.0,1,0
Centrifuger,unified,Centrifuger_unified,ZymoMockD6331,ZymoMockD6331,pacbio,SRR13128013,13366,13366,                        Brettanomyces,Brettanomyces,genus,3.609022990559157e-05,fraction_reads,0.0,1,0
Centrifuger,unified,Centrifuger_unified,ZymoMockD6331,ZymoMockD6331,pacbio,SRR13128013,4930,4930,                        Saccharomyces,Saccharomyces,genus,0.19254137654633102,fraction_reads,0.19,5335,0
Centrifuger,unified,Centrifuger_unified,ZymoMockD6331,ZymoMockD6331,pacbio,SRR13128013,4951,4951,                        Yarrowia,Yarrowia,genus,3.609022990559157e-05,fraction_reads,0.0,1,0
Centrifuger,unified,Centrifuger_unified,ZymoMockD6331,ZymoMockD6331,pacbio,SRR13128013,2172,2172,                  Methanobrevibacter,Methanobrevibacter,genus,0.055759405204138975,fraction_reads,0.06,1545,0
Centrifuger,unified,Centrifuger_unified,ZymoMockD6331,ZymoMockD6331,pacbio,SRR13128013,2843429,2843429,            Nesevirus,Nesevirus,genus,3.609022990559157e-05,fraction_reads,0.0,1,0
