taxid_raw	taxid	name_raw	name	rank	value	value_type	tax_abund_raw	seq_abund_raw	norm_abund	classified_fraction	sample_id	sample_id_core	assay	tool	db_mode	tool_db
286	286	Pseudomonas	Pseudomonas	genus	0.0072	abund	0.0072	0.0124	0.007200021600064801	0.9999969999999999	DYN_0004_D10_Qiagen.fastq	DYN_0004_D10	ont_qiagen	sylph	unified	sylph_unified
544	544	Citrobacter	Citrobacter	genus	0.1838999999999999	abund	0.1838999999999999	0.2246999999999999	0.18390055170165504	0.9999969999999999	DYN_0004_D10_Qiagen.fastq	DYN_0004_D10	ont_qiagen	sylph	unified	sylph_unified
547	547	Enterobacter	Enterobacter	genus	0.017	abund	0.017	0.0204	0.017000051000153005	0.9999969999999999	DYN_0004_D10_Qiagen.fastq	DYN_0004_D10	ont_qiagen	sylph	unified	sylph_unified
561	561	Escherichia	Escherichia	genus	0.8283	abund	0.8283	1.0245	0.8283024849074548	0.9999969999999999	DYN_0004_D10_Qiagen.fastq	DYN_0004_D10	ont_qiagen	sylph	unified	sylph_unified
570	570	Klebsiella	Klebsiella	genus	0.0739	abund	0.0739	0.0969	0.07390022170066511	0.9999969999999999	DYN_0004_D10_Qiagen.fastq	DYN_0004_D10	ont_qiagen	sylph	unified	sylph_unified
581	581	Morganella	Morganella	genus	0.0031	abund	0.0031	0.0031	0.0031000093000279005	0.9999969999999999	DYN_0004_D10_Qiagen.fastq	DYN_0004_D10	ont_qiagen	sylph	unified	sylph_unified
590	590	Salmonella	Salmonella	genus	0.0096	abund	0.0096	0.0115	0.009600028800086402	0.9999969999999999	DYN_0004_D10_Qiagen.fastq	DYN_0004_D10	ont_qiagen	sylph	unified	sylph_unified
816	816	Bacteroides	Bacteroides	genus	51.7642	abund	51.7642	75.05239999999999	51.76435529306588	0.9999969999999999	DYN_0004_D10_Qiagen.fastq	DYN_0004_D10	ont_qiagen	sylph	unified	sylph_unified
838	838	Prevotella	Prevotella	genus	0.0038	abund	0.0038	0.0029	0.0038000114000342005	0.9999969999999999	DYN_0004_D10_Qiagen.fastq	DYN_0004_D10	ont_qiagen	sylph	unified	sylph_unified
848	848	Fusobacterium	Fusobacterium	genus	0.0104	abund	0.0104	0.0065	0.010400031200093602	0.9999969999999999	DYN_0004_D10_Qiagen.fastq	DYN_0004_D10	ont_qiagen	sylph	unified	sylph_unified
904	904	Acidaminococcus	Acidaminococcus	genus	0.4908	abund	0.4908	0.2874	0.49080147240441724	0.9999969999999999	DYN_0004_D10_Qiagen.fastq	DYN_0004_D10	ont_qiagen	sylph	unified	sylph_unified
1243	1243	Leuconostoc	Leuconostoc	genus	0.0007	abund	0.0007	0.0004	0.0007000021000063	0.9999969999999999	DYN_0004_D10_Qiagen.fastq	DYN_0004_D10	ont_qiagen	sylph	unified	sylph_unified
1279	1279	Staphylococcus	Staphylococcus	genus	0.0691	abund	0.0691	0.0443	0.0691002073006219	0.9999969999999999	DYN_0004_D10_Qiagen.fastq	DYN_0004_D10	ont_qiagen	sylph	unified	sylph_unified
1301	1301	Streptococcus	Streptococcus	genus	0.0316	abund	0.0316	0.015	0.0316000948002844	0.9999969999999999	DYN_0004_D10_Qiagen.fastq	DYN_0004_D10	ont_qiagen	sylph	unified	sylph_unified
1350	1350	Enterococcus	Enterococcus	genus	0.7473000000000001	abund	0.7473000000000001	0.5978999999999999	0.7473022419067258	0.9999969999999999	DYN_0004_D10_Qiagen.fastq	DYN_0004_D10	ont_qiagen	sylph	unified	sylph_unified
1357	1357	Lactococcus	Lactococcus	genus	0.0009	abund	0.0009	0.0006	0.0009000027000081001	0.9999969999999999	DYN_0004_D10_Qiagen.fastq	DYN_0004_D10	ont_qiagen	sylph	unified	sylph_unified
1386	1386	Bacillus	Bacillus	genus	0.0075	abund	0.0075	0.0077	0.007500022500067501	0.9999969999999999	DYN_0004_D10_Qiagen.fastq	DYN_0004_D10	ont_qiagen	sylph	unified	sylph_unified
1485	1485	Clostridium	Clostridium	genus	1.1482	abund	1.1482	1.3444	1.148203444610334	0.9999969999999999	DYN_0004_D10_Qiagen.fastq	DYN_0004_D10	ont_qiagen	sylph	unified	sylph_unified
1637	1637	Listeria	Listeria	genus	0.0021	abund	0.0021	0.0016	0.0021000063000189	0.9999969999999999	DYN_0004_D10_Qiagen.fastq	DYN_0004_D10	ont_qiagen	sylph	unified	sylph_unified
1678	1678	Bifidobacterium	Bifidobacterium	genus	0.043	abund	0.043	0.026	0.043000129000387	0.9999969999999999	DYN_0004_D10_Qiagen.fastq	DYN_0004_D10	ont_qiagen	sylph	unified	sylph_unified
29465	29465	Veillonella	Veillonella	genus	0.0199	abund	0.0199	0.0109	0.019900059700179103	0.9999969999999999	DYN_0004_D10_Qiagen.fastq	DYN_0004_D10	ont_qiagen	sylph	unified	sylph_unified
40544	40544	Sutterella	Sutterella	genus	1.0123	abund	1.0123	0.7424	1.0123030369091108	0.9999969999999999	DYN_0004_D10_Qiagen.fastq	DYN_0004_D10	ont_qiagen	sylph	unified	sylph_unified
46123	46123	Abiotrophia	Abiotrophia	genus	0.0047	abund	0.0047	0.0024	0.004700014100042301	0.9999969999999999	DYN_0004_D10_Qiagen.fastq	DYN_0004_D10	ont_qiagen	sylph	unified	sylph_unified
61170	61170	Holdemania	Holdemania	genus	0.021	abund	0.021	0.0215	0.021000063000189004	0.9999969999999999	DYN_0004_D10_Qiagen.fastq	DYN_0004_D10	ont_qiagen	sylph	unified	sylph_unified
84111	84111	Eggerthella	Eggerthella	genus	0.0014	abund	0.0014	0.0012	0.0014000042000126	0.9999969999999999	DYN_0004_D10_Qiagen.fastq	DYN_0004_D10	ont_qiagen	sylph	unified	sylph_unified
133925	133925	Olsenella	Olsenella	genus	0.0026	abund	0.0026	0.0014	0.0026000078000234005	0.9999969999999999	DYN_0004_D10_Qiagen.fastq	DYN_0004_D10	ont_qiagen	sylph	unified	sylph_unified
216851	216851	Faecalibacterium	Faecalibacterium	genus	0.0083	abund	0.0083	0.0062	0.0083000249000747	0.9999969999999999	DYN_0004_D10_Qiagen.fastq	DYN_0004_D10	ont_qiagen	sylph	unified	sylph_unified
239759	239759	Alistipes	Alistipes	genus	0.8322	abund	0.8322	0.7889999999999999	0.8322024966074899	0.9999969999999999	DYN_0004_D10_Qiagen.fastq	DYN_0004_D10	ont_qiagen	sylph	unified	sylph_unified
239934	239934	Akkermansia	Akkermansia	genus	0.04	abund	0.04	0.0333	0.040000120000360004	0.9999969999999999	DYN_0004_D10_Qiagen.fastq	DYN_0004_D10	ont_qiagen	sylph	unified	sylph_unified
375288	375288	Parabacteroides	Parabacteroides	genus	11.5468	abund	11.5468	13.7548	11.54683464050392	0.9999969999999999	DYN_0004_D10_Qiagen.fastq	DYN_0004_D10	ont_qiagen	sylph	unified	sylph_unified
447792	447792	Phytobacter	Phytobacter	genus	0.0059	abund	0.0059	0.0091	0.0059000177000531	0.9999969999999999	DYN_0004_D10_Qiagen.fastq	DYN_0004_D10	ont_qiagen	sylph	unified	sylph_unified
459786	459786	Oscillibacter	Oscillibacter	genus	0.0442	abund	0.0442	0.0373	0.044200132600397804	0.9999969999999999	DYN_0004_D10_Qiagen.fastq	DYN_0004_D10	ont_qiagen	sylph	unified	sylph_unified
577309	577309	Paraprevotella	Paraprevotella	genus	2.3621	abund	2.3621	2.4211	2.362107086321259	0.9999969999999999	DYN_0004_D10_Qiagen.fastq	DYN_0004_D10	ont_qiagen	sylph	unified	sylph_unified
698776	698776	Cellulosilyticum	Cellulosilyticum	genus	0.0011	abund	0.0011	0.0013	0.0011000033000099002	0.9999969999999999	DYN_0004_D10_Qiagen.fastq	DYN_0004_D10	ont_qiagen	sylph	unified	sylph_unified
909656	909656	Phocaeicola	Phocaeicola	genus	1.0776	abund	1.0776	1.3475	1.0776032328096985	0.9999969999999999	DYN_0004_D10_Qiagen.fastq	DYN_0004_D10	ont_qiagen	sylph	unified	sylph_unified
946234	946234	Flavonifractor	Flavonifractor	genus	0.1729	abund	0.1729	0.1657	0.17290051870155612	0.9999969999999999	DYN_0004_D10_Qiagen.fastq	DYN_0004_D10	ont_qiagen	sylph	unified	sylph_unified
1392389	1392389	Intestinimonas	Intestinimonas	genus	0.0086	abund	0.0086	0.007	0.008600025800077401	0.9999969999999999	DYN_0004_D10_Qiagen.fastq	DYN_0004_D10	ont_qiagen	sylph	unified	sylph_unified
1505657	1505657	Intestinibacter	Intestinibacter	genus	0.0071	abund	0.0071	0.0055	0.0071000213000639014	0.9999969999999999	DYN_0004_D10_Qiagen.fastq	DYN_0004_D10	ont_qiagen	sylph	unified	sylph_unified
1905344	1905344	Ruthenibacterium	Ruthenibacterium	genus	0.0081	abund	0.0081	0.0091	0.0081000243000729	0.9999969999999999	DYN_0004_D10_Qiagen.fastq	DYN_0004_D10	ont_qiagen	sylph	unified	sylph_unified
2316020	2316020	Mediterraneibacter	Mediterraneibacter	genus	0.0173	abund	0.0173	0.0145	0.0173000519001557	0.9999969999999999	DYN_0004_D10_Qiagen.fastq	DYN_0004_D10	ont_qiagen	sylph	unified	sylph_unified
2742598	2742598	Limosilactobacillus	Limosilactobacillus	genus	0.0046	abund	0.0046	0.0022	0.0046000138000414	0.9999969999999999	DYN_0004_D10_Qiagen.fastq	DYN_0004_D10	ont_qiagen	sylph	unified	sylph_unified
2759736	2759736	Lacticaseibacillus	Lacticaseibacillus	genus	1.4111	abund	1.4111	1.0713	1.4111042333127002	0.9999969999999999	DYN_0004_D10_Qiagen.fastq	DYN_0004_D10	ont_qiagen	sylph	unified	sylph_unified
2767353	2767353	Lancefieldella	Lancefieldella	genus	0.0061	abund	0.0061	0.0024	0.006100018300054901	0.9999969999999999	DYN_0004_D10_Qiagen.fastq	DYN_0004_D10	ont_qiagen	sylph	unified	sylph_unified
2843396	2843396	Jouyvirus	Jouyvirus	genus	0.8523000000000001	abund	0.8523000000000001	0.0101	0.8523025569076709	0.9999969999999999	DYN_0004_D10_Qiagen.fastq	DYN_0004_D10	ont_qiagen	sylph	unified	sylph_unified
2888809	2888809	Novisyntrophococcus	Novisyntrophococcus	genus	0.0034	abund	0.0034	0.003	0.0034000102000306	0.9999969999999999	DYN_0004_D10_Qiagen.fastq	DYN_0004_D10	ont_qiagen	sylph	unified	sylph_unified
2946811	2946811	Aurodevirus	Aurodevirus	genus	24.7563	abund	24.7563	0.6174	24.756374269122812	0.9999969999999999	DYN_0004_D10_Qiagen.fastq	DYN_0004_D10	ont_qiagen	sylph	unified	sylph_unified
2948652	2948652	Carjivirus	Carjivirus	genus	0.174	abund	0.174	0.0043	0.17400052200156602	0.9999969999999999	DYN_0004_D10_Qiagen.fastq	DYN_0004_D10	ont_qiagen	sylph	unified	sylph_unified
3025755	3025755	Thomasclavelia	Thomasclavelia	genus	0.1552	abund	0.1552	0.1281	0.1552004656013968	0.9999969999999999	DYN_0004_D10_Qiagen.fastq	DYN_0004_D10	ont_qiagen	sylph	unified	sylph_unified
194	194	Campylobacter	Campylobacter	genus	0.0044	abund	0.0044	0.0017	0.004496274223677381	0.9785879999999999	DYN_0021_D03_Qiagen.fastq	DYN_0021_D03	ont_qiagen	sylph	unified	sylph_unified
286	286	Pseudomonas	Pseudomonas	genus	0.9519	abund	0.9519	1.2507	0.9727280530723861	0.9785879999999999	DYN_0021_D03_Qiagen.fastq	DYN_0021_D03	ont_qiagen	sylph	unified	sylph_unified
538	538	Eikenella	Eikenella	genus	0.0477	abund	0.0477	0.0211	0.04874370010668433	0.9785879999999999	DYN_0021_D03_Qiagen.fastq	DYN_0021_D03	ont_qiagen	sylph	unified	sylph_unified
544	544	Citrobacter	Citrobacter	genus	0.4656999999999999	abund	0.4656999999999999	0.4802	0.47588975135603534	0.9785879999999999	DYN_0021_D03_Qiagen.fastq	DYN_0021_D03	ont_qiagen	sylph	unified	sylph_unified
547	547	Enterobacter	Enterobacter	genus	7.305	abund	7.305	6.9612	7.464837091809833	0.9785879999999999	DYN_0021_D03_Qiagen.fastq	DYN_0021_D03	ont_qiagen	sylph	unified	sylph_unified
561	561	Escherichia	Escherichia	genus	0.0844	abund	0.0844	0.0839	0.0862467146541752	0.9785879999999999	DYN_0021_D03_Qiagen.fastq	DYN_0021_D03	ont_qiagen	sylph	unified	sylph_unified
570	570	Klebsiella	Klebsiella	genus	0.8063	abund	0.8063	0.8708	0.8239422514888799	0.9785879999999999	DYN_0021_D03_Qiagen.fastq	DYN_0021_D03	ont_qiagen	sylph	unified	sylph_unified
581	581	Morganella	Morganella	genus	0.0191	abund	0.0191	0.0155	0.019517917652781356	0.9785879999999999	DYN_0021_D03_Qiagen.fastq	DYN_0021_D03	ont_qiagen	sylph	unified	sylph_unified
590	590	Salmonella	Salmonella	genus	0.051	abund	0.051	0.0494	0.05211590577444236	0.9785879999999999	DYN_0021_D03_Qiagen.fastq	DYN_0021_D03	ont_qiagen	sylph	unified	sylph_unified
816	816	Bacteroides	Bacteroides	genus	29.016199999999998	abund	29.016199999999998	32.8382	29.651089120242638	0.9785879999999999	DYN_0021_D03_Qiagen.fastq	DYN_0021_D03	ont_qiagen	sylph	unified	sylph_unified
838	838	Prevotella	Prevotella	genus	0.0154	abund	0.0154	0.0091	0.015736959782870832	0.9785879999999999	DYN_0021_D03_Qiagen.fastq	DYN_0021_D03	ont_qiagen	sylph	unified	sylph_unified
848	848	Fusobacterium	Fusobacterium	genus	0.0815	abund	0.0815	0.0393	0.08328326118856967	0.9785879999999999	DYN_0021_D03_Qiagen.fastq	DYN_0021_D03	ont_qiagen	sylph	unified	sylph_unified
1350	1350	Enterococcus	Enterococcus	genus	0.0772	abund	0.0772	0.0489	0.07888917501543041	0.9785879999999999	DYN_0021_D03_Qiagen.fastq	DYN_0021_D03	ont_qiagen	sylph	unified	sylph_unified
1386	1386	Bacillus	Bacillus	genus	0.0384	abund	0.0384	0.0312	0.039240211406638956	0.9785879999999999	DYN_0021_D03_Qiagen.fastq	DYN_0021_D03	ont_qiagen	sylph	unified	sylph_unified
1485	1485	Clostridium	Clostridium	genus	5.2973	abund	5.2973	4.6421	5.4132076011559525	0.9785879999999999	DYN_0021_D03_Qiagen.fastq	DYN_0021_D03	ont_qiagen	sylph	unified	sylph_unified
1637	1637	Listeria	Listeria	genus	0.005	abund	0.005	0.0029	0.005109402526906114	0.9785879999999999	DYN_0021_D03_Qiagen.fastq	DYN_0021_D03	ont_qiagen	sylph	unified	sylph_unified
1678	1678	Bifidobacterium	Bifidobacterium	genus	0.253	abund	0.253	0.1151	0.2585357678614494	0.9785879999999999	DYN_0021_D03_Qiagen.fastq	DYN_0021_D03	ont_qiagen	sylph	unified	sylph_unified
1730	1730	Eubacterium	Eubacterium	genus	0.0106	abund	0.0106	0.0093	0.010831933357040963	0.9785879999999999	DYN_0021_D03_Qiagen.fastq	DYN_0021_D03	ont_qiagen	sylph	unified	sylph_unified
29465	29465	Veillonella	Veillonella	genus	0.1182	abund	0.1182	0.0514	0.12078627573606054	0.9785879999999999	DYN_0021_D03_Qiagen.fastq	DYN_0021_D03	ont_qiagen	sylph	unified	sylph_unified
33024	33024	Phascolarctobacterium	Phascolarctobacterium	genus	0.2617	abund	0.2617	0.1248	0.267426128258266	0.9785879999999999	DYN_0021_D03_Qiagen.fastq	DYN_0021_D03	ont_qiagen	sylph	unified	sylph_unified
39948	39948	Dialister	Dialister	genus	0.0313	abund	0.0313	0.008	0.03198485981843228	0.9785879999999999	DYN_0021_D03_Qiagen.fastq	DYN_0021_D03	ont_qiagen	sylph	unified	sylph_unified
40544	40544	Sutterella	Sutterella	genus	0.0052	abund	0.0052	0.0031	0.005313778627982359	0.9785879999999999	DYN_0021_D03_Qiagen.fastq	DYN_0021_D03	ont_qiagen	sylph	unified	sylph_unified
84111	84111	Eggerthella	Eggerthella	genus	0.013	abund	0.013	0.0087	0.013284446569955899	0.9785879999999999	DYN_0021_D03_Qiagen.fastq	DYN_0021_D03	ont_qiagen	sylph	unified	sylph_unified
133925	133925	Olsenella	Olsenella	genus	0.0095	abund	0.0095	0.0039	0.009707864801121617	0.9785879999999999	DYN_0021_D03_Qiagen.fastq	DYN_0021_D03	ont_qiagen	sylph	unified	sylph_unified
216851	216851	Faecalibacterium	Faecalibacterium	genus	0.0497	abund	0.0497	0.0292	0.050787461117446774	0.9785879999999999	DYN_0021_D03_Qiagen.fastq	DYN_0021_D03	ont_qiagen	sylph	unified	sylph_unified
239759	239759	Alistipes	Alistipes	genus	6.4663	abund	6.4663	4.1211	6.607785911946602	0.9785879999999999	DYN_0021_D03_Qiagen.fastq	DYN_0021_D03	ont_qiagen	sylph	unified	sylph_unified
239934	239934	Akkermansia	Akkermansia	genus	0.0486	abund	0.0486	0.0295	0.04966339256152742	0.9785879999999999	DYN_0021_D03_Qiagen.fastq	DYN_0021_D03	ont_qiagen	sylph	unified	sylph_unified
264995	264995	Anaerofustis	Anaerofustis	genus	0.0226	abund	0.0226	0.0105	0.023094499421615636	0.9785879999999999	DYN_0021_D03_Qiagen.fastq	DYN_0021_D03	ont_qiagen	sylph	unified	sylph_unified
283168	283168	Odoribacter	Odoribacter	genus	0.6012	abund	0.6012	0.5328	0.6143545598351912	0.9785879999999999	DYN_0021_D03_Qiagen.fastq	DYN_0021_D03	ont_qiagen	sylph	unified	sylph_unified
375288	375288	Parabacteroides	Parabacteroides	genus	19.1442	abund	19.1442	19.4167	19.563084771119208	0.9785879999999999	DYN_0021_D03_Qiagen.fastq	DYN_0021_D03	ont_qiagen	sylph	unified	sylph_unified
447792	447792	Phytobacter	Phytobacter	genus	8.0607	abund	8.0607	10.0663	8.237072189726424	0.9785879999999999	DYN_0021_D03_Qiagen.fastq	DYN_0021_D03	ont_qiagen	sylph	unified	sylph_unified
459786	459786	Oscillibacter	Oscillibacter	genus	0.2116	abund	0.2116	0.1417	0.21622991493866675	0.9785879999999999	DYN_0021_D03_Qiagen.fastq	DYN_0021_D03	ont_qiagen	sylph	unified	sylph_unified
572511	572511	Blautia	Blautia	genus	0.0098	abund	0.0098	0.0123	0.010014428952735984	0.9785879999999999	DYN_0021_D03_Qiagen.fastq	DYN_0021_D03	ont_qiagen	sylph	unified	sylph_unified
577309	577309	Paraprevotella	Paraprevotella	genus	0.2163	abund	0.2163	0.176	0.2210327533139585	0.9785879999999999	DYN_0021_D03_Qiagen.fastq	DYN_0021_D03	ont_qiagen	sylph	unified	sylph_unified
698776	698776	Cellulosilyticum	Cellulosilyticum	genus	0.0151	abund	0.0151	0.0144	0.015430395631256465	0.9785879999999999	DYN_0021_D03_Qiagen.fastq	DYN_0021_D03	ont_qiagen	sylph	unified	sylph_unified
909656	909656	Phocaeicola	Phocaeicola	genus	14.261	abund	14.261	15.2296	14.573037887241618	0.9785879999999999	DYN_0021_D03_Qiagen.fastq	DYN_0021_D03	ont_qiagen	sylph	unified	sylph_unified
946234	946234	Flavonifractor	Flavonifractor	genus	0.1663	abund	0.1663	0.1432	0.16993872804489735	0.9785879999999999	DYN_0021_D03_Qiagen.fastq	DYN_0021_D03	ont_qiagen	sylph	unified	sylph_unified
1348911	1348911	Coprobacter	Coprobacter	genus	0.6324	abund	0.6324	0.5321	0.6462372316030853	0.9785879999999999	DYN_0021_D03_Qiagen.fastq	DYN_0021_D03	ont_qiagen	sylph	unified	sylph_unified
1392389	1392389	Intestinimonas	Intestinimonas	genus	0.0684	abund	0.0684	0.0439	0.06989662656807565	0.9785879999999999	DYN_0021_D03_Qiagen.fastq	DYN_0021_D03	ont_qiagen	sylph	unified	sylph_unified
1505657	1505657	Intestinibacter	Intestinibacter	genus	0.0533	abund	0.0533	0.0323	0.05446623093681918	0.9785879999999999	DYN_0021_D03_Qiagen.fastq	DYN_0021_D03	ont_qiagen	sylph	unified	sylph_unified
1506553	1506553	Lachnoclostridium	Lachnoclostridium	genus	0.0222	abund	0.0222	0.0237	0.022685747219463148	0.9785879999999999	DYN_0021_D03_Qiagen.fastq	DYN_0021_D03	ont_qiagen	sylph	unified	sylph_unified
1623303	1623303	Brussowvirus	Brussowvirus	genus	0.0472	abund	0.0472	0.0003	0.048232759853993716	0.9785879999999999	DYN_0021_D03_Qiagen.fastq	DYN_0021_D03	ont_qiagen	sylph	unified	sylph_unified
1769710	1769710	Sellimonas	Sellimonas	genus	0.0234	abund	0.0234	0.0151	0.023912003825920614	0.9785879999999999	DYN_0021_D03_Qiagen.fastq	DYN_0021_D03	ont_qiagen	sylph	unified	sylph_unified
1870884	1870884	Clostridioides	Clostridioides	genus	0.0015	abund	0.0015	0.0013	0.0015328207580718343	0.9785879999999999	DYN_0021_D03_Qiagen.fastq	DYN_0021_D03	ont_qiagen	sylph	unified	sylph_unified
1905344	1905344	Ruthenibacterium	Ruthenibacterium	genus	0.3831	abund	0.3831	0.3415	0.3914824216115465	0.9785879999999999	DYN_0021_D03_Qiagen.fastq	DYN_0021_D03	ont_qiagen	sylph	unified	sylph_unified
1918536	1918536	Longicatena	Longicatena	genus	0.772	abund	0.772	0.4833	0.7888917501543041	0.9785879999999999	DYN_0021_D03_Qiagen.fastq	DYN_0021_D03	ont_qiagen	sylph	unified	sylph_unified
2172004	2172004	Lawsonibacter	Lawsonibacter	genus	0.3851	abund	0.3851	0.2428	0.39352618262230893	0.9785879999999999	DYN_0021_D03_Qiagen.fastq	DYN_0021_D03	ont_qiagen	sylph	unified	sylph_unified
2316020	2316020	Mediterraneibacter	Mediterraneibacter	genus	0.2350999999999999	abund	0.2350999999999999	0.1418	0.2402441068151254	0.9785879999999999	DYN_0021_D03_Qiagen.fastq	DYN_0021_D03	ont_qiagen	sylph	unified	sylph_unified
2529408	2529408	Schaalia	Schaalia	genus	0.0039	abund	0.0039	0.0019	0.003985333970986769	0.9785879999999999	DYN_0021_D03_Qiagen.fastq	DYN_0021_D03	ont_qiagen	sylph	unified	sylph_unified
2719313	2719313	Enterocloster	Enterocloster	genus	0.3409	abund	0.3409	0.4427	0.34835906428445884	0.9785879999999999	DYN_0021_D03_Qiagen.fastq	DYN_0021_D03	ont_qiagen	sylph	unified	sylph_unified
2733114	2733114	Mushuvirus	Mushuvirus	genus	0.4357	abund	0.4357	0.0032	0.4452333361945988	0.9785879999999999	DYN_0021_D03_Qiagen.fastq	DYN_0021_D03	ont_qiagen	sylph	unified	sylph_unified
2742598	2742598	Limosilactobacillus	Limosilactobacillus	genus	0.0082	abund	0.0082	0.0034	0.008379420144126027	0.9785879999999999	DYN_0021_D03_Qiagen.fastq	DYN_0021_D03	ont_qiagen	sylph	unified	sylph_unified
2759736	2759736	Lacticaseibacillus	Lacticaseibacillus	genus	0.01	abund	0.01	0.006	0.010218805053812228	0.9785879999999999	DYN_0021_D03_Qiagen.fastq	DYN_0021_D03	ont_qiagen	sylph	unified	sylph_unified
2767353	2767353	Lancefieldella	Lancefieldella	genus	0.036	abund	0.036	0.0112	0.03678769819372402	0.9785879999999999	DYN_0021_D03_Qiagen.fastq	DYN_0021_D03	ont_qiagen	sylph	unified	sylph_unified
2888809	2888809	Novisyntrophococcus	Novisyntrophococcus	genus	0.018	abund	0.018	0.0124	0.01839384909686201	0.9785879999999999	DYN_0021_D03_Qiagen.fastq	DYN_0021_D03	ont_qiagen	sylph	unified	sylph_unified
2892397	2892397	Pusillibacter	Pusillibacter	genus	0.0369	abund	0.0369	0.0254	0.03770739064856713	0.9785879999999999	DYN_0021_D03_Qiagen.fastq	DYN_0021_D03	ont_qiagen	sylph	unified	sylph_unified
2944198	2944198	Wansuia	Wansuia	genus	0.0295	abund	0.0295	0.0235	0.030145474908746073	0.9785879999999999	DYN_0021_D03_Qiagen.fastq	DYN_0021_D03	ont_qiagen	sylph	unified	sylph_unified
2946811	2946811	Aurodevirus	Aurodevirus	genus	0.0736	abund	0.0736	0.0015	0.075210405196058	0.9785879999999999	DYN_0021_D03_Qiagen.fastq	DYN_0021_D03	ont_qiagen	sylph	unified	sylph_unified
194	194	Campylobacter	Campylobacter	genus	0.0063	abund	0.0063	0.0031	0.0062999811000566995	1.0000030000000002	DYN_0024_D01_Qiagen.fastq	DYN_0024_D01	ont_qiagen	sylph	unified	sylph_unified
286	286	Pseudomonas	Pseudomonas	genus	0.0103	abund	0.0103	0.0175	0.010299969100092699	1.0000030000000002	DYN_0024_D01_Qiagen.fastq	DYN_0024_D01	ont_qiagen	sylph	unified	sylph_unified
544	544	Citrobacter	Citrobacter	genus	0.1231	abund	0.1231	0.1502	0.1230996307011079	1.0000030000000002	DYN_0024_D01_Qiagen.fastq	DYN_0024_D01	ont_qiagen	sylph	unified	sylph_unified
547	547	Enterobacter	Enterobacter	genus	0.0255	abund	0.0255	0.03	0.025499923500229494	1.0000030000000002	DYN_0024_D01_Qiagen.fastq	DYN_0024_D01	ont_qiagen	sylph	unified	sylph_unified
561	561	Escherichia	Escherichia	genus	0.1055	abund	0.1055	0.1348	0.10549968350094947	1.0000030000000002	DYN_0024_D01_Qiagen.fastq	DYN_0024_D01	ont_qiagen	sylph	unified	sylph_unified
570	570	Klebsiella	Klebsiella	genus	0.1049	abund	0.1049	0.1422	0.10489968530094407	1.0000030000000002	DYN_0024_D01_Qiagen.fastq	DYN_0024_D01	ont_qiagen	sylph	unified	sylph_unified
581	581	Morganella	Morganella	genus	0.0047	abund	0.0047	0.0045	0.0046999859000423	1.0000030000000002	DYN_0024_D01_Qiagen.fastq	DYN_0024_D01	ont_qiagen	sylph	unified	sylph_unified
583	583	Proteus	Proteus	genus	0.0415	abund	0.0415	0.0392	0.0414998755003735	1.0000030000000002	DYN_0024_D01_Qiagen.fastq	DYN_0024_D01	ont_qiagen	sylph	unified	sylph_unified
590	590	Salmonella	Salmonella	genus	0.0173	abund	0.0173	0.0205	0.0172999481001557	1.0000030000000002	DYN_0024_D01_Qiagen.fastq	DYN_0024_D01	ont_qiagen	sylph	unified	sylph_unified
816	816	Bacteroides	Bacteroides	genus	47.35660000000001	abund	47.35660000000001	55.91250000000001	47.35645793062621	1.0000030000000002	DYN_0024_D01_Qiagen.fastq	DYN_0024_D01	ont_qiagen	sylph	unified	sylph_unified
838	838	Prevotella	Prevotella	genus	0.024	abund	0.024	0.0154	0.023999928000215998	1.0000030000000002	DYN_0024_D01_Qiagen.fastq	DYN_0024_D01	ont_qiagen	sylph	unified	sylph_unified
841	841	Roseburia	Roseburia	genus	0.0281	abund	0.0281	0.0251	0.028099915700252897	1.0000030000000002	DYN_0024_D01_Qiagen.fastq	DYN_0024_D01	ont_qiagen	sylph	unified	sylph_unified
848	848	Fusobacterium	Fusobacterium	genus	0.019	abund	0.019	0.0118	0.018999943000170997	1.0000030000000002	DYN_0024_D01_Qiagen.fastq	DYN_0024_D01	ont_qiagen	sylph	unified	sylph_unified
1263	1263	Ruminococcus	Ruminococcus	genus	0.0067	abund	0.0067	0.005	0.0066999799000603	1.0000030000000002	DYN_0024_D01_Qiagen.fastq	DYN_0024_D01	ont_qiagen	sylph	unified	sylph_unified
1279	1279	Staphylococcus	Staphylococcus	genus	0.0084	abund	0.0084	0.0058	0.008399974800075599	1.0000030000000002	DYN_0024_D01_Qiagen.fastq	DYN_0024_D01	ont_qiagen	sylph	unified	sylph_unified
1301	1301	Streptococcus	Streptococcus	genus	0.9732999999999998	abund	0.9732999999999998	0.4703999999999999	0.9732970801087594	1.0000030000000002	DYN_0024_D01_Qiagen.fastq	DYN_0024_D01	ont_qiagen	sylph	unified	sylph_unified
1350	1350	Enterococcus	Enterococcus	genus	0.3604	abund	0.3604	0.2604	0.36039891880324354	1.0000030000000002	DYN_0024_D01_Qiagen.fastq	DYN_0024_D01	ont_qiagen	sylph	unified	sylph_unified
1386	1386	Bacillus	Bacillus	genus	0.0131	abund	0.0131	0.0131	0.013099960700117898	1.0000030000000002	DYN_0024_D01_Qiagen.fastq	DYN_0024_D01	ont_qiagen	sylph	unified	sylph_unified
1485	1485	Clostridium	Clostridium	genus	0.0808	abund	0.0808	0.0856	0.08079975760072719	1.0000030000000002	DYN_0024_D01_Qiagen.fastq	DYN_0024_D01	ont_qiagen	sylph	unified	sylph_unified
1637	1637	Listeria	Listeria	genus	0.0005	abund	0.0005	0.0004	0.0004999985000044999	1.0000030000000002	DYN_0024_D01_Qiagen.fastq	DYN_0024_D01	ont_qiagen	sylph	unified	sylph_unified
1654	1654	Actinomyces	Actinomyces	genus	0.0028	abund	0.0028	0.0021	0.002799991600025199	1.0000030000000002	DYN_0024_D01_Qiagen.fastq	DYN_0024_D01	ont_qiagen	sylph	unified	sylph_unified
1678	1678	Bifidobacterium	Bifidobacterium	genus	1.4165	abund	1.4165	0.8029	1.4164957505127485	1.0000030000000002	DYN_0024_D01_Qiagen.fastq	DYN_0024_D01	ont_qiagen	sylph	unified	sylph_unified
1730	1730	Eubacterium	Eubacterium	genus	0.3621	abund	0.3621	0.2576	0.36209891370325886	1.0000030000000002	DYN_0024_D01_Qiagen.fastq	DYN_0024_D01	ont_qiagen	sylph	unified	sylph_unified
29465	29465	Veillonella	Veillonella	genus	0.1123	abund	0.1123	0.0599	0.1122996631010107	1.0000030000000002	DYN_0024_D01_Qiagen.fastq	DYN_0024_D01	ont_qiagen	sylph	unified	sylph_unified
33042	33042	Coprococcus	Coprococcus	genus	0.2789	abund	0.2789	0.2447	0.27889916330251	1.0000030000000002	DYN_0024_D01_Qiagen.fastq	DYN_0024_D01	ont_qiagen	sylph	unified	sylph_unified
84111	84111	Eggerthella	Eggerthella	genus	3.1317	abund	3.1317	2.7796	3.131690604928185	1.0000030000000002	DYN_0024_D01_Qiagen.fastq	DYN_0024_D01	ont_qiagen	sylph	unified	sylph_unified
84162	84162	Cryptobacterium	Cryptobacterium	genus	0.0089	abund	0.0089	0.0036	0.008899973300080098	1.0000030000000002	DYN_0024_D01_Qiagen.fastq	DYN_0024_D01	ont_qiagen	sylph	unified	sylph_unified
123375	123375	Solobacterium	Solobacterium	genus	0.0077	abund	0.0077	0.005	0.007699976900069299	1.0000030000000002	DYN_0024_D01_Qiagen.fastq	DYN_0024_D01	ont_qiagen	sylph	unified	sylph_unified
150022	150022	Finegoldia	Finegoldia	genus	0.0061	abund	0.0061	0.0032	0.0060999817000548994	1.0000030000000002	DYN_0024_D01_Qiagen.fastq	DYN_0024_D01	ont_qiagen	sylph	unified	sylph_unified
162289	162289	Peptoniphilus	Peptoniphilus	genus	0.0093	abund	0.0093	0.0039	0.009299972100083698	1.0000030000000002	DYN_0024_D01_Qiagen.fastq	DYN_0024_D01	ont_qiagen	sylph	unified	sylph_unified
165779	165779	Anaerococcus	Anaerococcus	genus	0.0408	abund	0.0408	0.0192	0.0407998776003672	1.0000030000000002	DYN_0024_D01_Qiagen.fastq	DYN_0024_D01	ont_qiagen	sylph	unified	sylph_unified
189330	189330	Dorea	Dorea	genus	1.1002999999999998	abund	1.1002999999999998	0.8046	1.1002966991099024	1.0000030000000002	DYN_0024_D01_Qiagen.fastq	DYN_0024_D01	ont_qiagen	sylph	unified	sylph_unified
191303	191303	Turicibacter	Turicibacter	genus	0.0937	abund	0.0937	0.0657	0.0936997189008433	1.0000030000000002	DYN_0024_D01_Qiagen.fastq	DYN_0024_D01	ont_qiagen	sylph	unified	sylph_unified
207244	207244	Anaerostipes	Anaerostipes	genus	0.143	abund	0.143	0.1023	0.14299957100128696	1.0000030000000002	DYN_0024_D01_Qiagen.fastq	DYN_0024_D01	ont_qiagen	sylph	unified	sylph_unified
216851	216851	Faecalibacterium	Faecalibacterium	genus	0.2303	abund	0.2303	0.1744	0.2302993091020727	1.0000030000000002	DYN_0024_D01_Qiagen.fastq	DYN_0024_D01	ont_qiagen	sylph	unified	sylph_unified
239759	239759	Alistipes	Alistipes	genus	14.886	abund	14.886	13.8431	14.885955342133972	1.0000030000000002	DYN_0024_D01_Qiagen.fastq	DYN_0024_D01	ont_qiagen	sylph	unified	sylph_unified
239934	239934	Akkermansia	Akkermansia	genus	15.6477	abund	15.6477	11.9333	15.647653057040827	1.0000030000000002	DYN_0024_D01_Qiagen.fastq	DYN_0024_D01	ont_qiagen	sylph	unified	sylph_unified
244127	244127	Anaerotruncus	Anaerotruncus	genus	0.0487	abund	0.0487	0.0425	0.048699853900438295	1.0000030000000002	DYN_0024_D01_Qiagen.fastq	DYN_0024_D01	ont_qiagen	sylph	unified	sylph_unified
264995	264995	Anaerofustis	Anaerofustis	genus	0.0161	abund	0.0161	0.0092	0.016099951700144898	1.0000030000000002	DYN_0024_D01_Qiagen.fastq	DYN_0024_D01	ont_qiagen	sylph	unified	sylph_unified
375288	375288	Parabacteroides	Parabacteroides	genus	0.0298	abund	0.0298	0.0364	0.029799910600268195	1.0000030000000002	DYN_0024_D01_Qiagen.fastq	DYN_0024_D01	ont_qiagen	sylph	unified	sylph_unified
447792	447792	Phytobacter	Phytobacter	genus	0.0063	abund	0.0063	0.0097	0.0062999811000566995	1.0000030000000002	DYN_0024_D01_Qiagen.fastq	DYN_0024_D01	ont_qiagen	sylph	unified	sylph_unified
459786	459786	Oscillibacter	Oscillibacter	genus	0.412	abund	0.412	0.3407	0.4119987640037079	1.0000030000000002	DYN_0024_D01_Qiagen.fastq	DYN_0024_D01	ont_qiagen	sylph	unified	sylph_unified
572511	572511	Blautia	Blautia	genus	2.7183	abund	2.7183	2.4206000000000003	2.718291845124465	1.0000030000000002	DYN_0024_D01_Qiagen.fastq	DYN_0024_D01	ont_qiagen	sylph	unified	sylph_unified
577309	577309	Paraprevotella	Paraprevotella	genus	0.0023	abund	0.0023	0.0023	0.0022999931000206994	1.0000030000000002	DYN_0024_D01_Qiagen.fastq	DYN_0024_D01	ont_qiagen	sylph	unified	sylph_unified
698776	698776	Cellulosilyticum	Cellulosilyticum	genus	0.0037	abund	0.0037	0.0044	0.0036999889000332996	1.0000030000000002	DYN_0024_D01_Qiagen.fastq	DYN_0024_D01	ont_qiagen	sylph	unified	sylph_unified
909656	909656	Phocaeicola	Phocaeicola	genus	0.0157	abund	0.0157	0.0193	0.015699952900141298	1.0000030000000002	DYN_0024_D01_Qiagen.fastq	DYN_0024_D01	ont_qiagen	sylph	unified	sylph_unified
946234	946234	Flavonifractor	Flavonifractor	genus	0.0253	abund	0.0253	0.0296	0.025299924100227696	1.0000030000000002	DYN_0024_D01_Qiagen.fastq	DYN_0024_D01	ont_qiagen	sylph	unified	sylph_unified
990721	990721	Christensenella	Christensenella	genus	0.0721	abund	0.0721	0.0337	0.07209978370064889	1.0000030000000002	DYN_0024_D01_Qiagen.fastq	DYN_0024_D01	ont_qiagen	sylph	unified	sylph_unified
1392389	1392389	Intestinimonas	Intestinimonas	genus	0.575	abund	0.575	0.4552	0.5749982750051749	1.0000030000000002	DYN_0024_D01_Qiagen.fastq	DYN_0024_D01	ont_qiagen	sylph	unified	sylph_unified
1432051	1432051	Eisenbergiella	Eisenbergiella	genus	0.2811	abund	0.2811	0.4959	0.2810991567025299	1.0000030000000002	DYN_0024_D01_Qiagen.fastq	DYN_0024_D01	ont_qiagen	sylph	unified	sylph_unified
1505657	1505657	Intestinibacter	Intestinibacter	genus	0.0507	abund	0.0507	0.0379	0.0506998479004563	1.0000030000000002	DYN_0024_D01_Qiagen.fastq	DYN_0024_D01	ont_qiagen	sylph	unified	sylph_unified
1506553	1506553	Lachnoclostridium	Lachnoclostridium	genus	0.9217	abund	0.9217	1.1282	0.9216972349082952	1.0000030000000002	DYN_0024_D01_Qiagen.fastq	DYN_0024_D01	ont_qiagen	sylph	unified	sylph_unified
1649459	1649459	Hungatella	Hungatella	genus	0.4043	abund	0.4043	0.6979	0.40429878710363865	1.0000030000000002	DYN_0024_D01_Qiagen.fastq	DYN_0024_D01	ont_qiagen	sylph	unified	sylph_unified
1766253	1766253	Agathobacter	Agathobacter	genus	1.3988	abund	1.3988	1.1652	1.398795803612589	1.0000030000000002	DYN_0024_D01_Qiagen.fastq	DYN_0024_D01	ont_qiagen	sylph	unified	sylph_unified
1769710	1769710	Sellimonas	Sellimonas	genus	0.0053	abund	0.0053	0.0042	0.0052999841000477	1.0000030000000002	DYN_0024_D01_Qiagen.fastq	DYN_0024_D01	ont_qiagen	sylph	unified	sylph_unified
1847725	1847725	Lawsonella	Lawsonella	genus	0.055	abund	0.055	0.0255	0.05499983500049499	1.0000030000000002	DYN_0024_D01_Qiagen.fastq	DYN_0024_D01	ont_qiagen	sylph	unified	sylph_unified
1905344	1905344	Ruthenibacterium	Ruthenibacterium	genus	0.1253	abund	0.1253	0.1379	0.1252996241011277	1.0000030000000002	DYN_0024_D01_Qiagen.fastq	DYN_0024_D01	ont_qiagen	sylph	unified	sylph_unified
1918536	1918536	Longicatena	Longicatena	genus	1.0597	abund	1.0597	0.8191	1.0596968209095372	1.0000030000000002	DYN_0024_D01_Qiagen.fastq	DYN_0024_D01	ont_qiagen	sylph	unified	sylph_unified
1924110	1924110	Massilimicrobiota	Massilimicrobiota	genus	0.0145	abund	0.0145	0.0096	0.014499956500130499	1.0000030000000002	DYN_0024_D01_Qiagen.fastq	DYN_0024_D01	ont_qiagen	sylph	unified	sylph_unified
1928820	1928820	Intestinibacillus	Intestinibacillus	genus	0.0211	abund	0.0211	0.0159	0.021099936700189895	1.0000030000000002	DYN_0024_D01_Qiagen.fastq	DYN_0024_D01	ont_qiagen	sylph	unified	sylph_unified
2039302	2039302	Monoglobus	Monoglobus	genus	1.2716	abund	1.2716	0.874	1.2715961852114444	1.0000030000000002	DYN_0024_D01_Qiagen.fastq	DYN_0024_D01	ont_qiagen	sylph	unified	sylph_unified
2172004	2172004	Lawsonibacter	Lawsonibacter	genus	0.1751	abund	0.1751	0.1363	0.17509947470157589	1.0000030000000002	DYN_0024_D01_Qiagen.fastq	DYN_0024_D01	ont_qiagen	sylph	unified	sylph_unified
2316020	2316020	Mediterraneibacter	Mediterraneibacter	genus	0.2382	abund	0.2382	0.185	0.23819928540214377	1.0000030000000002	DYN_0024_D01_Qiagen.fastq	DYN_0024_D01	ont_qiagen	sylph	unified	sylph_unified
2529408	2529408	Schaalia	Schaalia	genus	0.0887	abund	0.0887	0.0451	0.0886997339007983	1.0000030000000002	DYN_0024_D01_Qiagen.fastq	DYN_0024_D01	ont_qiagen	sylph	unified	sylph_unified
2569097	2569097	Anaerobutyricum	Anaerobutyricum	genus	0.1532	abund	0.1532	0.1319	0.1531995404013788	1.0000030000000002	DYN_0024_D01_Qiagen.fastq	DYN_0024_D01	ont_qiagen	sylph	unified	sylph_unified
2717089	2717089	Massilistercora	Massilistercora	genus	0.0482	abund	0.0482	0.0333	0.0481998554004338	1.0000030000000002	DYN_0024_D01_Qiagen.fastq	DYN_0024_D01	ont_qiagen	sylph	unified	sylph_unified
2719313	2719313	Enterocloster	Enterocloster	genus	0.1732	abund	0.1732	0.2813	0.17319948040155878	1.0000030000000002	DYN_0024_D01_Qiagen.fastq	DYN_0024_D01	ont_qiagen	sylph	unified	sylph_unified
2733108	2733108	Lagaffevirus	Lagaffevirus	genus	0.165	abund	0.165	0.002	0.16499950500148497	1.0000030000000002	DYN_0024_D01_Qiagen.fastq	DYN_0024_D01	ont_qiagen	sylph	unified	sylph_unified
2742598	2742598	Limosilactobacillus	Limosilactobacillus	genus	0.001	abund	0.001	0.0005	0.0009999970000089998	1.0000030000000002	DYN_0024_D01_Qiagen.fastq	DYN_0024_D01	ont_qiagen	sylph	unified	sylph_unified
2749267	2749267	Amedibacterium	Amedibacterium	genus	0.1671	abund	0.1671	0.1035	0.1670994987015039	1.0000030000000002	DYN_0024_D01_Qiagen.fastq	DYN_0024_D01	ont_qiagen	sylph	unified	sylph_unified
2759736	2759736	Lacticaseibacillus	Lacticaseibacillus	genus	1.9391	abund	1.9391	1.4589	1.9390941827174517	1.0000030000000002	DYN_0024_D01_Qiagen.fastq	DYN_0024_D01	ont_qiagen	sylph	unified	sylph_unified
2767353	2767353	Lancefieldella	Lancefieldella	genus	0.0127	abund	0.0127	0.0049	0.012699961900114298	1.0000030000000002	DYN_0024_D01_Qiagen.fastq	DYN_0024_D01	ont_qiagen	sylph	unified	sylph_unified
2842531	2842531	Solibaculum	Solibaculum	genus	0.0108	abund	0.0108	0.0068	0.0107999676000972	1.0000030000000002	DYN_0024_D01_Qiagen.fastq	DYN_0024_D01	ont_qiagen	sylph	unified	sylph_unified
2888809	2888809	Novisyntrophococcus	Novisyntrophococcus	genus	0.004	abund	0.004	0.0034	0.003999988000035999	1.0000030000000002	DYN_0024_D01_Qiagen.fastq	DYN_0024_D01	ont_qiagen	sylph	unified	sylph_unified
2892397	2892397	Pusillibacter	Pusillibacter	genus	0.0126	abund	0.0126	0.0107	0.012599962200113399	1.0000030000000002	DYN_0024_D01_Qiagen.fastq	DYN_0024_D01	ont_qiagen	sylph	unified	sylph_unified
2916693	2916693	Desulforamulus	Desulforamulus	genus	0.0055	abund	0.0055	0.0055	0.005499983500049498	1.0000030000000002	DYN_0024_D01_Qiagen.fastq	DYN_0024_D01	ont_qiagen	sylph	unified	sylph_unified
2944198	2944198	Wansuia	Wansuia	genus	0.0846	abund	0.0846	0.0833	0.08459974620076138	1.0000030000000002	DYN_0024_D01_Qiagen.fastq	DYN_0024_D01	ont_qiagen	sylph	unified	sylph_unified
2946811	2946811	Aurodevirus	Aurodevirus	genus	0.0465	abund	0.0465	0.0011	0.046499860500418495	1.0000030000000002	DYN_0024_D01_Qiagen.fastq	DYN_0024_D01	ont_qiagen	sylph	unified	sylph_unified
2992720	2992720	Acidilutibacter	Acidilutibacter	genus	0.0077	abund	0.0077	0.0072	0.007699976900069299	1.0000030000000002	DYN_0024_D01_Qiagen.fastq	DYN_0024_D01	ont_qiagen	sylph	unified	sylph_unified
3025755	3025755	Thomasclavelia	Thomasclavelia	genus	0.3394	abund	0.3394	0.2277999999999999	0.33939898180305456	1.0000030000000002	DYN_0024_D01_Qiagen.fastq	DYN_0024_D01	ont_qiagen	sylph	unified	sylph_unified
3074372	3074372	Selenobaculum	Selenobaculum	genus	0.0052	abund	0.0052	0.0034	0.0051999844000468	1.0000030000000002	DYN_0024_D01_Qiagen.fastq	DYN_0024_D01	ont_qiagen	sylph	unified	sylph_unified
194	194	Campylobacter	Campylobacter	genus	0.223	abund	0.223	0.1117	0.22457087325844285	0.9930049999999998	DYN_0036_D05_Qiagen.fastq	DYN_0036_D05	ont_qiagen	sylph	unified	sylph_unified
286	286	Pseudomonas	Pseudomonas	genus	0.0092	abund	0.0092	0.0158	0.009264807327254144	0.9930049999999998	DYN_0036_D05_Qiagen.fastq	DYN_0036_D05	ont_qiagen	sylph	unified	sylph_unified
544	544	Citrobacter	Citrobacter	genus	1.5706	abund	1.5706	1.9024	1.5816637378462346	0.9930049999999998	DYN_0036_D05_Qiagen.fastq	DYN_0036_D05	ont_qiagen	sylph	unified	sylph_unified
547	547	Enterobacter	Enterobacter	genus	0.7158	abund	0.7158	0.927	0.7208422918313605	0.9930049999999998	DYN_0036_D05_Qiagen.fastq	DYN_0036_D05	ont_qiagen	sylph	unified	sylph_unified
561	561	Escherichia	Escherichia	genus	0.0376	abund	0.0376	0.0471	0.03786486472877781	0.9930049999999998	DYN_0036_D05_Qiagen.fastq	DYN_0036_D05	ont_qiagen	sylph	unified	sylph_unified
570	570	Klebsiella	Klebsiella	genus	14.0535	abund	14.0535	19.787	14.152496714518055	0.9930049999999998	DYN_0036_D05_Qiagen.fastq	DYN_0036_D05	ont_qiagen	sylph	unified	sylph_unified
581	581	Morganella	Morganella	genus	0.2181	abund	0.2181	0.2191	0.2196363563124053	0.9930049999999998	DYN_0036_D05_Qiagen.fastq	DYN_0036_D05	ont_qiagen	sylph	unified	sylph_unified
590	590	Salmonella	Salmonella	genus	0.0231	abund	0.0231	0.0283	0.023262722745605514	0.9930049999999998	DYN_0036_D05_Qiagen.fastq	DYN_0036_D05	ont_qiagen	sylph	unified	sylph_unified
724	724	Haemophilus	Haemophilus	genus	0.3813999999999999	abund	0.3813999999999999	0.1984	0.3840866863711663	0.9930049999999998	DYN_0036_D05_Qiagen.fastq	DYN_0036_D05	ont_qiagen	sylph	unified	sylph_unified
816	816	Bacteroides	Bacteroides	genus	33.6064	abund	33.6064	50.47159999999999	33.843132713329744	0.9930049999999998	DYN_0036_D05_Qiagen.fastq	DYN_0036_D05	ont_qiagen	sylph	unified	sylph_unified
838	838	Prevotella	Prevotella	genus	0.0133	abund	0.0133	0.01	0.013393688853530447	0.9930049999999998	DYN_0036_D05_Qiagen.fastq	DYN_0036_D05	ont_qiagen	sylph	unified	sylph_unified
848	848	Fusobacterium	Fusobacterium	genus	1.4928	abund	1.4928	0.8933	1.5033156932744551	0.9930049999999998	DYN_0036_D05_Qiagen.fastq	DYN_0036_D05	ont_qiagen	sylph	unified	sylph_unified
970	970	Selenomonas	Selenomonas	genus	0.0256999999999999	abund	0.0256999999999999	0.0163	0.02588103785982941	0.9930049999999998	DYN_0036_D05_Qiagen.fastq	DYN_0036_D05	ont_qiagen	sylph	unified	sylph_unified
1301	1301	Streptococcus	Streptococcus	genus	0.3213	abund	0.3213	0.1677	0.32356332546160393	0.9930049999999998	DYN_0036_D05_Qiagen.fastq	DYN_0036_D05	ont_qiagen	sylph	unified	sylph_unified
1350	1350	Enterococcus	Enterococcus	genus	1.3139999999999998	abund	1.3139999999999998	0.9312	1.32325617695782	0.9930049999999998	DYN_0036_D05_Qiagen.fastq	DYN_0036_D05	ont_qiagen	sylph	unified	sylph_unified
1386	1386	Bacillus	Bacillus	genus	0.0253	abund	0.0253	0.0271	0.025478220149948893	0.9930049999999998	DYN_0036_D05_Qiagen.fastq	DYN_0036_D05	ont_qiagen	sylph	unified	sylph_unified
1485	1485	Clostridium	Clostridium	genus	0.0854999999999999	abund	0.0854999999999999	0.0887	0.08610228548698134	0.9930049999999998	DYN_0036_D05_Qiagen.fastq	DYN_0036_D05	ont_qiagen	sylph	unified	sylph_unified
1578	1578	Lactobacillus	Lactobacillus	genus	0.0245	abund	0.0245	0.0133	0.024672584730187668	0.9930049999999998	DYN_0036_D05_Qiagen.fastq	DYN_0036_D05	ont_qiagen	sylph	unified	sylph_unified
1637	1637	Listeria	Listeria	genus	0.0026	abund	0.0026	0.002	0.0026183151142239974	0.9930049999999998	DYN_0036_D05_Qiagen.fastq	DYN_0036_D05	ont_qiagen	sylph	unified	sylph_unified
1654	1654	Actinomyces	Actinomyces	genus	0.1196	abund	0.1196	0.0846	0.12044249525430387	0.9930049999999998	DYN_0036_D05_Qiagen.fastq	DYN_0036_D05	ont_qiagen	sylph	unified	sylph_unified
1678	1678	Bifidobacterium	Bifidobacterium	genus	31.0143	abund	31.0143	17.7689	31.23277324887589	0.9930049999999998	DYN_0036_D05_Qiagen.fastq	DYN_0036_D05	ont_qiagen	sylph	unified	sylph_unified
1716	1716	Corynebacterium	Corynebacterium	genus	0.1154	abund	0.1154	0.0639	0.11621290930055743	0.9930049999999998	DYN_0036_D05_Qiagen.fastq	DYN_0036_D05	ont_qiagen	sylph	unified	sylph_unified
2717	2717	Cardiobacterium	Cardiobacterium	genus	0.0259	abund	0.0259	0.0176	0.02608244671476982	0.9930049999999998	DYN_0036_D05_Qiagen.fastq	DYN_0036_D05	ont_qiagen	sylph	unified	sylph_unified
29465	29465	Veillonella	Veillonella	genus	3.9191	abund	3.9191	2.138	3.946707216982795	0.9930049999999998	DYN_0036_D05_Qiagen.fastq	DYN_0036_D05	ont_qiagen	sylph	unified	sylph_unified
32207	32207	Rothia	Rothia	genus	0.0239	abund	0.0239	0.0149	0.024068358165366746	0.9930049999999998	DYN_0036_D05_Qiagen.fastq	DYN_0036_D05	ont_qiagen	sylph	unified	sylph_unified
84162	84162	Cryptobacterium	Cryptobacterium	genus	0.2201	abund	0.2201	0.0905	0.22165044486180835	0.9930049999999998	DYN_0036_D05_Qiagen.fastq	DYN_0036_D05	ont_qiagen	sylph	unified	sylph_unified
86331	86331	Mogibacterium	Mogibacterium	genus	0.1263	abund	0.1263	0.0568	0.12718969189480417	0.9930049999999998	DYN_0036_D05_Qiagen.fastq	DYN_0036_D05	ont_qiagen	sylph	unified	sylph_unified
133925	133925	Olsenella	Olsenella	genus	0.1989	abund	0.1989	0.1037	0.2003011062381358	0.9930049999999998	DYN_0036_D05_Qiagen.fastq	DYN_0036_D05	ont_qiagen	sylph	unified	sylph_unified
216851	216851	Faecalibacterium	Faecalibacterium	genus	0.0223	abund	0.0223	0.0165	0.022457087325844283	0.9930049999999998	DYN_0036_D05_Qiagen.fastq	DYN_0036_D05	ont_qiagen	sylph	unified	sylph_unified
239759	239759	Alistipes	Alistipes	genus	0.0378	abund	0.0378	0.0354	0.03806627358371811	0.9930049999999998	DYN_0036_D05_Qiagen.fastq	DYN_0036_D05	ont_qiagen	sylph	unified	sylph_unified
239934	239934	Akkermansia	Akkermansia	genus	0.0197	abund	0.0197	0.0151	0.019838772211620285	0.9930049999999998	DYN_0036_D05_Qiagen.fastq	DYN_0036_D05	ont_qiagen	sylph	unified	sylph_unified
375288	375288	Parabacteroides	Parabacteroides	genus	0.0565	abund	0.0565	0.0703	0.056898001520636864	0.9930049999999998	DYN_0036_D05_Qiagen.fastq	DYN_0036_D05	ont_qiagen	sylph	unified	sylph_unified
447792	447792	Phytobacter	Phytobacter	genus	0.0146	abund	0.0146	0.0223	0.014702846410642446	0.9930049999999998	DYN_0036_D05_Qiagen.fastq	DYN_0036_D05	ont_qiagen	sylph	unified	sylph_unified
698776	698776	Cellulosilyticum	Cellulosilyticum	genus	0.9068	abund	0.9068	1.0862	0.9131877482993542	0.9930049999999998	DYN_0036_D05_Qiagen.fastq	DYN_0036_D05	ont_qiagen	sylph	unified	sylph_unified
909656	909656	Phocaeicola	Phocaeicola	genus	0.0306	abund	0.0306	0.0382	0.030815554805867045	0.9930049999999998	DYN_0036_D05_Qiagen.fastq	DYN_0036_D05	ont_qiagen	sylph	unified	sylph_unified
1392389	1392389	Intestinimonas	Intestinimonas	genus	0.1894	abund	0.1894	0.153	0.1907341856284712	0.9930049999999998	DYN_0036_D05_Qiagen.fastq	DYN_0036_D05	ont_qiagen	sylph	unified	sylph_unified
1505657	1505657	Intestinibacter	Intestinibacter	genus	1.7621	abund	1.7621	1.3461	1.774512716451579	0.9930049999999998	DYN_0036_D05_Qiagen.fastq	DYN_0036_D05	ont_qiagen	sylph	unified	sylph_unified
1623303	1623303	Brussowvirus	Brussowvirus	genus	4.0453	abund	4.0453	0.0365	4.0737962044501295	0.9930049999999998	DYN_0036_D05_Qiagen.fastq	DYN_0036_D05	ont_qiagen	sylph	unified	sylph_unified
1623305	1623305	Skunavirus	Skunavirus	genus	0.1348	abund	0.1348	0.0011	0.13574956822976725	0.9930049999999998	DYN_0036_D05_Qiagen.fastq	DYN_0036_D05	ont_qiagen	sylph	unified	sylph_unified
2316020	2316020	Mediterraneibacter	Mediterraneibacter	genus	0.0432	abund	0.0432	0.0364	0.04350431266710642	0.9930049999999998	DYN_0036_D05_Qiagen.fastq	DYN_0036_D05	ont_qiagen	sylph	unified	sylph_unified
2529408	2529408	Schaalia	Schaalia	genus	0.2308	abund	0.2308	0.1425	0.23242581860111486	0.9930049999999998	DYN_0036_D05_Qiagen.fastq	DYN_0036_D05	ont_qiagen	sylph	unified	sylph_unified
2692113	2692113	Gleimia	Gleimia	genus	0.0962	abund	0.0962	0.0508	0.0968776592262879	0.9930049999999998	DYN_0036_D05_Qiagen.fastq	DYN_0036_D05	ont_qiagen	sylph	unified	sylph_unified
2759736	2759736	Lacticaseibacillus	Lacticaseibacillus	genus	0.0479	abund	0.0479	0.0363	0.04823742075820364	0.9930049999999998	DYN_0036_D05_Qiagen.fastq	DYN_0036_D05	ont_qiagen	sylph	unified	sylph_unified
2767353	2767353	Lancefieldella	Lancefieldella	genus	1.7191	abund	1.7191	0.6744	1.7312098126394129	0.9930049999999998	DYN_0036_D05_Qiagen.fastq	DYN_0036_D05	ont_qiagen	sylph	unified	sylph_unified
2888809	2888809	Novisyntrophococcus	Novisyntrophococcus	genus	0.0179	abund	0.0179	0.0156	0.01802609251715752	0.9930049999999998	DYN_0036_D05_Qiagen.fastq	DYN_0036_D05	ont_qiagen	sylph	unified	sylph_unified
3034001	3034001	Caldifermentibacillus	Caldifermentibacillus	genus	0.0183	abund	0.0183	0.0184	0.018428910227038135	0.9930049999999998	DYN_0036_D05_Qiagen.fastq	DYN_0036_D05	ont_qiagen	sylph	unified	sylph_unified
194	194	Campylobacter	Campylobacter	genus	0.5219	abund	0.5219	0.2486	0.5306277654867256	0.9835520000000001	DYN_0036_D08_Qiagen.fastq	DYN_0036_D08	ont_qiagen	sylph	unified	sylph_unified
286	286	Pseudomonas	Pseudomonas	genus	0.0097	abund	0.0097	0.0147	0.009862213690786048	0.9835520000000001	DYN_0036_D08_Qiagen.fastq	DYN_0036_D08	ont_qiagen	sylph	unified	sylph_unified
544	544	Citrobacter	Citrobacter	genus	1.2424	abund	1.2424	1.4429	1.2631767308693387	0.9835520000000001	DYN_0036_D08_Qiagen.fastq	DYN_0036_D08	ont_qiagen	sylph	unified	sylph_unified
547	547	Enterobacter	Enterobacter	genus	8.0372	abund	8.0372	9.8998	8.17160658511192	0.9835520000000001	DYN_0036_D08_Qiagen.fastq	DYN_0036_D08	ont_qiagen	sylph	unified	sylph_unified
561	561	Escherichia	Escherichia	genus	0.0364	abund	0.0364	0.0416	0.03700871941697032	0.9835520000000001	DYN_0036_D08_Qiagen.fastq	DYN_0036_D08	ont_qiagen	sylph	unified	sylph_unified
570	570	Klebsiella	Klebsiella	genus	7.5152	abund	7.5152	9.3254	7.640877147319103	0.9835520000000001	DYN_0036_D08_Qiagen.fastq	DYN_0036_D08	ont_qiagen	sylph	unified	sylph_unified
581	581	Morganella	Morganella	genus	0.8253	abund	0.8253	0.7886	0.8391015421655387	0.9835520000000001	DYN_0036_D08_Qiagen.fastq	DYN_0036_D08	ont_qiagen	sylph	unified	sylph_unified
590	590	Salmonella	Salmonella	genus	0.1224	abund	0.1224	0.142	0.12444690265486724	0.9835520000000001	DYN_0036_D08_Qiagen.fastq	DYN_0036_D08	ont_qiagen	sylph	unified	sylph_unified
724	724	Haemophilus	Haemophilus	genus	0.0807	abund	0.0807	0.0407	0.0820495510150963	0.9835520000000001	DYN_0036_D08_Qiagen.fastq	DYN_0036_D08	ont_qiagen	sylph	unified	sylph_unified
816	816	Bacteroides	Bacteroides	genus	41.4681	abund	41.4681	59.16409999999999	42.1615735619469	0.9835520000000001	DYN_0036_D08_Qiagen.fastq	DYN_0036_D08	ont_qiagen	sylph	unified	sylph_unified
838	838	Prevotella	Prevotella	genus	0.0523	abund	0.0523	0.0372	0.05317461608537219	0.9835520000000001	DYN_0036_D08_Qiagen.fastq	DYN_0036_D08	ont_qiagen	sylph	unified	sylph_unified
848	848	Fusobacterium	Fusobacterium	genus	1.3693	abund	1.3693	0.7941	1.392198887298282	0.9835520000000001	DYN_0036_D08_Qiagen.fastq	DYN_0036_D08	ont_qiagen	sylph	unified	sylph_unified
1301	1301	Streptococcus	Streptococcus	genus	0.1856	abund	0.1856	0.0921999999999999	0.18870380010411242	0.9835520000000001	DYN_0036_D08_Qiagen.fastq	DYN_0036_D08	ont_qiagen	sylph	unified	sylph_unified
1350	1350	Enterococcus	Enterococcus	genus	2.6933	abund	2.6933	1.7791	2.738340219937532	0.9835520000000001	DYN_0036_D08_Qiagen.fastq	DYN_0036_D08	ont_qiagen	sylph	unified	sylph_unified
1485	1485	Clostridium	Clostridium	genus	0.3122	abund	0.3122	0.3022	0.3174209396147839	0.9835520000000001	DYN_0036_D08_Qiagen.fastq	DYN_0036_D08	ont_qiagen	sylph	unified	sylph_unified
1578	1578	Lactobacillus	Lactobacillus	genus	0.103	abund	0.103	0.054	0.10472247527329513	0.9835520000000001	DYN_0036_D08_Qiagen.fastq	DYN_0036_D08	ont_qiagen	sylph	unified	sylph_unified
1654	1654	Actinomyces	Actinomyces	genus	0.1535	abund	0.1535	0.095	0.15606698984903694	0.9835520000000001	DYN_0036_D08_Qiagen.fastq	DYN_0036_D08	ont_qiagen	sylph	unified	sylph_unified
1678	1678	Bifidobacterium	Bifidobacterium	genus	10.5554	abund	10.5554	5.7515	10.73191859708485	0.9835520000000001	DYN_0036_D08_Qiagen.fastq	DYN_0036_D08	ont_qiagen	sylph	unified	sylph_unified
1716	1716	Corynebacterium	Corynebacterium	genus	0.0311	abund	0.0311	0.0152	0.0316200871941697	0.9835520000000001	DYN_0036_D08_Qiagen.fastq	DYN_0036_D08	ont_qiagen	sylph	unified	sylph_unified
29465	29465	Veillonella	Veillonella	genus	2.5115	abund	2.5115	1.3037	2.5534999674648615	0.9835520000000001	DYN_0036_D08_Qiagen.fastq	DYN_0036_D08	ont_qiagen	sylph	unified	sylph_unified
84111	84111	Eggerthella	Eggerthella	genus	0.0403	abund	0.0403	0.0342	0.04097393935450286	0.9835520000000001	DYN_0036_D08_Qiagen.fastq	DYN_0036_D08	ont_qiagen	sylph	unified	sylph_unified
84162	84162	Cryptobacterium	Cryptobacterium	genus	0.3684	abund	0.3684	0.144	0.3745607756376887	0.9835520000000001	DYN_0036_D08_Qiagen.fastq	DYN_0036_D08	ont_qiagen	sylph	unified	sylph_unified
86331	86331	Mogibacterium	Mogibacterium	genus	0.2009	abund	0.2009	0.0859	0.20425966293597084	0.9835520000000001	DYN_0036_D08_Qiagen.fastq	DYN_0036_D08	ont_qiagen	sylph	unified	sylph_unified
123375	123375	Solobacterium	Solobacterium	genus	0.0597	abund	0.0597	0.0377	0.06069836673607496	0.9835520000000001	DYN_0036_D08_Qiagen.fastq	DYN_0036_D08	ont_qiagen	sylph	unified	sylph_unified
133925	133925	Olsenella	Olsenella	genus	0.3323	abund	0.3323	0.1648	0.33785707313899005	0.9835520000000001	DYN_0036_D08_Qiagen.fastq	DYN_0036_D08	ont_qiagen	sylph	unified	sylph_unified
216851	216851	Faecalibacterium	Faecalibacterium	genus	0.0286	abund	0.0286	0.0202	0.029078279541905252	0.9835520000000001	DYN_0036_D08_Qiagen.fastq	DYN_0036_D08	ont_qiagen	sylph	unified	sylph_unified
239759	239759	Alistipes	Alistipes	genus	0.1007	abund	0.1007	0.0909	0.10238401223321186	0.9835520000000001	DYN_0036_D08_Qiagen.fastq	DYN_0036_D08	ont_qiagen	sylph	unified	sylph_unified
239934	239934	Akkermansia	Akkermansia	genus	0.043	abund	0.043	0.0318	0.04371909161894846	0.9835520000000001	DYN_0036_D08_Qiagen.fastq	DYN_0036_D08	ont_qiagen	sylph	unified	sylph_unified
375288	375288	Parabacteroides	Parabacteroides	genus	0.1996	abund	0.1996	0.2239	0.20293792295679333	0.9835520000000001	DYN_0036_D08_Qiagen.fastq	DYN_0036_D08	ont_qiagen	sylph	unified	sylph_unified
909656	909656	Phocaeicola	Phocaeicola	genus	0.1246	abund	0.1246	0.1598	0.12668369338885996	0.9835520000000001	DYN_0036_D08_Qiagen.fastq	DYN_0036_D08	ont_qiagen	sylph	unified	sylph_unified
1392389	1392389	Intestinimonas	Intestinimonas	genus	3.2304	abund	3.2304	2.4818	3.284422175950026	0.9835520000000001	DYN_0036_D08_Qiagen.fastq	DYN_0036_D08	ont_qiagen	sylph	unified	sylph_unified
1505657	1505657	Intestinibacter	Intestinibacter	genus	2.3111	abund	2.3111	1.679	2.349748666059344	0.9835520000000001	DYN_0036_D08_Qiagen.fastq	DYN_0036_D08	ont_qiagen	sylph	unified	sylph_unified
1623303	1623303	Brussowvirus	Brussowvirus	genus	5.7196	abund	5.7196	0.0491	5.815249219156689	0.9835520000000001	DYN_0036_D08_Qiagen.fastq	DYN_0036_D08	ont_qiagen	sylph	unified	sylph_unified
2316020	2316020	Mediterraneibacter	Mediterraneibacter	genus	0.0467	abund	0.0467	0.0373	0.04748096694429984	0.9835520000000001	DYN_0036_D08_Qiagen.fastq	DYN_0036_D08	ont_qiagen	sylph	unified	sylph_unified
2529408	2529408	Schaalia	Schaalia	genus	1.16	abund	1.16	0.6813	1.1793987506507024	0.9835520000000001	DYN_0036_D08_Qiagen.fastq	DYN_0036_D08	ont_qiagen	sylph	unified	sylph_unified
2692113	2692113	Gleimia	Gleimia	genus	0.1576	abund	0.1576	0.0792	0.16023555439875062	0.9835520000000001	DYN_0036_D08_Qiagen.fastq	DYN_0036_D08	ont_qiagen	sylph	unified	sylph_unified
2767353	2767353	Lancefieldella	Lancefieldella	genus	5.5874	abund	5.5874	2.0846	5.680838430504945	0.9835520000000001	DYN_0036_D08_Qiagen.fastq	DYN_0036_D08	ont_qiagen	sylph	unified	sylph_unified
2767885	2767885	Latilactobacillus	Latilactobacillus	genus	0.3593	abund	0.3593	0.186	0.3653085957834461	0.9835520000000001	DYN_0036_D08_Qiagen.fastq	DYN_0036_D08	ont_qiagen	sylph	unified	sylph_unified
2888809	2888809	Novisyntrophococcus	Novisyntrophococcus	genus	0.4585	abund	0.4585	0.379	0.46616752342529927	0.9835520000000001	DYN_0036_D08_Qiagen.fastq	DYN_0036_D08	ont_qiagen	sylph	unified	sylph_unified
194	194	Campylobacter	Campylobacter	genus	0.3889	abund	0.3889	0.1755	0.3921900826029563	0.9916109999999998	DYN_0036_D11_Qiagen.fastq	DYN_0036_D11	ont_qiagen	sylph	unified	sylph_unified
286	286	Pseudomonas	Pseudomonas	genus	0.0127	abund	0.0127	0.0197	0.01280744162781575	0.9916109999999998	DYN_0036_D11_Qiagen.fastq	DYN_0036_D11	ont_qiagen	sylph	unified	sylph_unified
544	544	Citrobacter	Citrobacter	genus	3.6021	abund	3.6021	3.9787	3.632573660437411	0.9916109999999998	DYN_0036_D11_Qiagen.fastq	DYN_0036_D11	ont_qiagen	sylph	unified	sylph_unified
547	547	Enterobacter	Enterobacter	genus	11.3171	abund	11.3171	13.2038	11.412842334342805	0.9916109999999998	DYN_0036_D11_Qiagen.fastq	DYN_0036_D11	ont_qiagen	sylph	unified	sylph_unified
561	561	Escherichia	Escherichia	genus	0.0267	abund	0.0267	0.03	0.026925881217533896	0.9916109999999998	DYN_0036_D11_Qiagen.fastq	DYN_0036_D11	ont_qiagen	sylph	unified	sylph_unified
570	570	Klebsiella	Klebsiella	genus	12.0334	abund	12.0334	14.1339	12.135202211351029	0.9916109999999998	DYN_0036_D11_Qiagen.fastq	DYN_0036_D11	ont_qiagen	sylph	unified	sylph_unified
581	581	Morganella	Morganella	genus	1.1489	abund	1.1489	1.0399	1.158619660330513	0.9916109999999998	DYN_0036_D11_Qiagen.fastq	DYN_0036_D11	ont_qiagen	sylph	unified	sylph_unified
590	590	Salmonella	Salmonella	genus	0.0224	abund	0.0224	0.0252	0.022589503343549037	0.9916109999999998	DYN_0036_D11_Qiagen.fastq	DYN_0036_D11	ont_qiagen	sylph	unified	sylph_unified
724	724	Haemophilus	Haemophilus	genus	0.3167	abund	0.3167	0.1538	0.31937927271883837	0.9916109999999998	DYN_0036_D11_Qiagen.fastq	DYN_0036_D11	ont_qiagen	sylph	unified	sylph_unified
816	816	Bacteroides	Bacteroides	genus	39.275	abund	39.275	53.1569	39.60726534901288	0.9916109999999998	DYN_0036_D11_Qiagen.fastq	DYN_0036_D11	ont_qiagen	sylph	unified	sylph_unified
838	838	Prevotella	Prevotella	genus	0.0127	abund	0.0127	0.0085	0.01280744162781575	0.9916109999999998	DYN_0036_D11_Qiagen.fastq	DYN_0036_D11	ont_qiagen	sylph	unified	sylph_unified
848	848	Fusobacterium	Fusobacterium	genus	2.8713	abund	2.8713	1.5386	2.895591113854123	0.9916109999999998	DYN_0036_D11_Qiagen.fastq	DYN_0036_D11	ont_qiagen	sylph	unified	sylph_unified
970	970	Selenomonas	Selenomonas	genus	0.0197	abund	0.0197	0.0118	0.019866661422674823	0.9916109999999998	DYN_0036_D11_Qiagen.fastq	DYN_0036_D11	ont_qiagen	sylph	unified	sylph_unified
1301	1301	Streptococcus	Streptococcus	genus	0.0571	abund	0.0571	0.0257	0.057583064326636166	0.9916109999999998	DYN_0036_D11_Qiagen.fastq	DYN_0036_D11	ont_qiagen	sylph	unified	sylph_unified
1350	1350	Enterococcus	Enterococcus	genus	2.3066000000000004	abund	2.3066000000000004	1.5241	2.3261137684031348	0.9916109999999998	DYN_0036_D11_Qiagen.fastq	DYN_0036_D11	ont_qiagen	sylph	unified	sylph_unified
1386	1386	Bacillus	Bacillus	genus	0.0087	abund	0.0087	0.008	0.008773601745039133	0.9916109999999998	DYN_0036_D11_Qiagen.fastq	DYN_0036_D11	ont_qiagen	sylph	unified	sylph_unified
1485	1485	Clostridium	Clostridium	genus	0.1357	abund	0.1357	0.1246	0.13684801802319663	0.9916109999999998	DYN_0036_D11_Qiagen.fastq	DYN_0036_D11	ont_qiagen	sylph	unified	sylph_unified
1578	1578	Lactobacillus	Lactobacillus	genus	0.0104	abund	0.0104	0.0051	0.010487983695219198	0.9916109999999998	DYN_0036_D11_Qiagen.fastq	DYN_0036_D11	ont_qiagen	sylph	unified	sylph_unified
1637	1637	Listeria	Listeria	genus	0.0086	abund	0.0086	0.006	0.00867275574796972	0.9916109999999998	DYN_0036_D11_Qiagen.fastq	DYN_0036_D11	ont_qiagen	sylph	unified	sylph_unified
1654	1654	Actinomyces	Actinomyces	genus	0.1324	abund	0.1324	0.07	0.1335201001199059	0.9916109999999998	DYN_0036_D11_Qiagen.fastq	DYN_0036_D11	ont_qiagen	sylph	unified	sylph_unified
1678	1678	Bifidobacterium	Bifidobacterium	genus	9.1012	abund	9.1012	4.6973	9.17819588528163	0.9916109999999998	DYN_0036_D11_Qiagen.fastq	DYN_0036_D11	ont_qiagen	sylph	unified	sylph_unified
1716	1716	Corynebacterium	Corynebacterium	genus	0.0871	abund	0.0871	0.0405	0.08783686344746076	0.9916109999999998	DYN_0036_D11_Qiagen.fastq	DYN_0036_D11	ont_qiagen	sylph	unified	sylph_unified
29465	29465	Veillonella	Veillonella	genus	1.4905000000000002	abund	1.4905000000000002	0.7306	1.503109586319636	0.9916109999999998	DYN_0036_D11_Qiagen.fastq	DYN_0036_D11	ont_qiagen	sylph	unified	sylph_unified
32207	32207	Rothia	Rothia	genus	0.0061	abund	0.0061	0.0033	0.006151605821234336	0.9916109999999998	DYN_0036_D11_Qiagen.fastq	DYN_0036_D11	ont_qiagen	sylph	unified	sylph_unified
44249	44249	Paenibacillus	Paenibacillus	genus	0.1145	abund	0.1145	0.1864	0.11546866664448059	0.9916109999999998	DYN_0036_D11_Qiagen.fastq	DYN_0036_D11	ont_qiagen	sylph	unified	sylph_unified
46123	46123	Abiotrophia	Abiotrophia	genus	0.01	abund	0.01	0.0047	0.010084599706941534	0.9916109999999998	DYN_0036_D11_Qiagen.fastq	DYN_0036_D11	ont_qiagen	sylph	unified	sylph_unified
84111	84111	Eggerthella	Eggerthella	genus	0.0016	abund	0.0016	0.0013	0.0016135359531106457	0.9916109999999998	DYN_0036_D11_Qiagen.fastq	DYN_0036_D11	ont_qiagen	sylph	unified	sylph_unified
84162	84162	Cryptobacterium	Cryptobacterium	genus	0.0119	abund	0.0119	0.0044	0.012000673651260427	0.9916109999999998	DYN_0036_D11_Qiagen.fastq	DYN_0036_D11	ont_qiagen	sylph	unified	sylph_unified
86331	86331	Mogibacterium	Mogibacterium	genus	0.1729	abund	0.1729	0.0719	0.17436272893301913	0.9916109999999998	DYN_0036_D11_Qiagen.fastq	DYN_0036_D11	ont_qiagen	sylph	unified	sylph_unified
123375	123375	Solobacterium	Solobacterium	genus	0.046	abund	0.046	0.0276	0.04638915865193106	0.9916109999999998	DYN_0036_D11_Qiagen.fastq	DYN_0036_D11	ont_qiagen	sylph	unified	sylph_unified
133925	133925	Olsenella	Olsenella	genus	0.1013	abund	0.1013	0.0476	0.10215699503131775	0.9916109999999998	DYN_0036_D11_Qiagen.fastq	DYN_0036_D11	ont_qiagen	sylph	unified	sylph_unified
216851	216851	Faecalibacterium	Faecalibacterium	genus	0.0082	abund	0.0082	0.0055	0.008269371759692059	0.9916109999999998	DYN_0036_D11_Qiagen.fastq	DYN_0036_D11	ont_qiagen	sylph	unified	sylph_unified
239759	239759	Alistipes	Alistipes	genus	0.0213	abund	0.0213	0.0177	0.021480197375785468	0.9916109999999998	DYN_0036_D11_Qiagen.fastq	DYN_0036_D11	ont_qiagen	sylph	unified	sylph_unified
239934	239934	Akkermansia	Akkermansia	genus	0.0118	abund	0.0118	0.0083	0.01189982765419101	0.9916109999999998	DYN_0036_D11_Qiagen.fastq	DYN_0036_D11	ont_qiagen	sylph	unified	sylph_unified
375288	375288	Parabacteroides	Parabacteroides	genus	0.0314	abund	0.0314	0.0357	0.03166564307979642	0.9916109999999998	DYN_0036_D11_Qiagen.fastq	DYN_0036_D11	ont_qiagen	sylph	unified	sylph_unified
447792	447792	Phytobacter	Phytobacter	genus	0.0139	abund	0.0139	0.0197	0.014017593592648732	0.9916109999999998	DYN_0036_D11_Qiagen.fastq	DYN_0036_D11	ont_qiagen	sylph	unified	sylph_unified
572511	572511	Blautia	Blautia	genus	0.0041	abund	0.0041	0.0035	0.004134685879846029	0.9916109999999998	DYN_0036_D11_Qiagen.fastq	DYN_0036_D11	ont_qiagen	sylph	unified	sylph_unified
698776	698776	Cellulosilyticum	Cellulosilyticum	genus	0.0023	abund	0.0023	0.0025	0.002319457932596553	0.9916109999999998	DYN_0036_D11_Qiagen.fastq	DYN_0036_D11	ont_qiagen	sylph	unified	sylph_unified
909656	909656	Phocaeicola	Phocaeicola	genus	0.0215	abund	0.0215	0.0261	0.0216818893699243	0.9916109999999998	DYN_0036_D11_Qiagen.fastq	DYN_0036_D11	ont_qiagen	sylph	unified	sylph_unified
1392389	1392389	Intestinimonas	Intestinimonas	genus	1.8202	abund	1.8202	1.3246	1.8355988386574984	0.9916109999999998	DYN_0036_D11_Qiagen.fastq	DYN_0036_D11	ont_qiagen	sylph	unified	sylph_unified
1505657	1505657	Intestinibacter	Intestinibacter	genus	3.0073	abund	3.0073	2.0695	3.0327416698685274	0.9916109999999998	DYN_0036_D11_Qiagen.fastq	DYN_0036_D11	ont_qiagen	sylph	unified	sylph_unified
1623303	1623303	Brussowvirus	Brussowvirus	genus	6.8852	abund	6.8852	0.056	6.943448590223386	0.9916109999999998	DYN_0036_D11_Qiagen.fastq	DYN_0036_D11	ont_qiagen	sylph	unified	sylph_unified
2316020	2316020	Mediterraneibacter	Mediterraneibacter	genus	0.0357	abund	0.0357	0.027	0.036002020953781286	0.9916109999999998	DYN_0036_D11_Qiagen.fastq	DYN_0036_D11	ont_qiagen	sylph	unified	sylph_unified
2529408	2529408	Schaalia	Schaalia	genus	0.5965	abund	0.5965	0.3319	0.6015463725190626	0.9916109999999998	DYN_0036_D11_Qiagen.fastq	DYN_0036_D11	ont_qiagen	sylph	unified	sylph_unified
2692113	2692113	Gleimia	Gleimia	genus	0.0549	abund	0.0549	0.0262	0.05536445239110902	0.9916109999999998	DYN_0036_D11_Qiagen.fastq	DYN_0036_D11	ont_qiagen	sylph	unified	sylph_unified
2759736	2759736	Lacticaseibacillus	Lacticaseibacillus	genus	0.0076999999999999	abund	0.0076999999999999	0.0050999999999999	0.0077651417743448805	0.9916109999999998	DYN_0036_D11_Qiagen.fastq	DYN_0036_D11	ont_qiagen	sylph	unified	sylph_unified
2767353	2767353	Lancefieldella	Lancefieldella	genus	0.8967	abund	0.8967	0.3169	0.9042860557214475	0.9916109999999998	DYN_0036_D11_Qiagen.fastq	DYN_0036_D11	ont_qiagen	sylph	unified	sylph_unified
2767885	2767885	Latilactobacillus	Latilactobacillus	genus	0.0277	abund	0.0277	0.0136	0.027934341188228053	0.9916109999999998	DYN_0036_D11_Qiagen.fastq	DYN_0036_D11	ont_qiagen	sylph	unified	sylph_unified
2888809	2888809	Novisyntrophococcus	Novisyntrophococcus	genus	0.7765	abund	0.7765	0.608	0.7830691672440101	0.9916109999999998	DYN_0036_D11_Qiagen.fastq	DYN_0036_D11	ont_qiagen	sylph	unified	sylph_unified
2946811	2946811	Aurodevirus	Aurodevirus	genus	0.0462	abund	0.0462	0.001	0.046590850646069895	0.9916109999999998	DYN_0036_D11_Qiagen.fastq	DYN_0036_D11	ont_qiagen	sylph	unified	sylph_unified
3034001	3034001	Caldifermentibacillus	Caldifermentibacillus	genus	0.0418	abund	0.0418	0.0378	0.042153626775015614	0.9916109999999998	DYN_0036_D11_Qiagen.fastq	DYN_0036_D11	ont_qiagen	sylph	unified	sylph_unified
194	194	Campylobacter	Campylobacter	genus	0.103	abund	0.103	0.0432	0.1038692820212357	0.9916310000000002	DYN_0036_D14_Qiagen.fastq	DYN_0036_D14	ont_qiagen	sylph	unified	sylph_unified
286	286	Pseudomonas	Pseudomonas	genus	0.0172	abund	0.0172	0.0222	0.01734516165791509	0.9916310000000002	DYN_0036_D14_Qiagen.fastq	DYN_0036_D14	ont_qiagen	sylph	unified	sylph_unified
544	544	Citrobacter	Citrobacter	genus	2.1699	abund	2.1699	2.2182	2.1882131559017415	0.9916310000000002	DYN_0036_D14_Qiagen.fastq	DYN_0036_D14	ont_qiagen	sylph	unified	sylph_unified
547	547	Enterobacter	Enterobacter	genus	0.432	abund	0.432	0.4678	0.4356459207104255	0.9916310000000002	DYN_0036_D14_Qiagen.fastq	DYN_0036_D14	ont_qiagen	sylph	unified	sylph_unified
561	561	Escherichia	Escherichia	genus	0.046	abund	0.046	0.0481	0.04638822303861012	0.9916310000000002	DYN_0036_D14_Qiagen.fastq	DYN_0036_D14	ont_qiagen	sylph	unified	sylph_unified
570	570	Klebsiella	Klebsiella	genus	28.1433	abund	28.1433	33.1323	28.38081907483731	0.9916310000000002	DYN_0036_D14_Qiagen.fastq	DYN_0036_D14	ont_qiagen	sylph	unified	sylph_unified
581	581	Morganella	Morganella	genus	0.68	abund	0.68	0.5712	0.6857389492664105	0.9916310000000002	DYN_0036_D14_Qiagen.fastq	DYN_0036_D14	ont_qiagen	sylph	unified	sylph_unified
590	590	Salmonella	Salmonella	genus	0.0248	abund	0.0248	0.0254	0.0250093028555985	0.9916310000000002	DYN_0036_D14_Qiagen.fastq	DYN_0036_D14	ont_qiagen	sylph	unified	sylph_unified
724	724	Haemophilus	Haemophilus	genus	0.0854	abund	0.0854	0.0377	0.08612074451081098	0.9916310000000002	DYN_0036_D14_Qiagen.fastq	DYN_0036_D14	ont_qiagen	sylph	unified	sylph_unified
816	816	Bacteroides	Bacteroides	genus	36.13740000000001	abund	36.13740000000001	45.3688	36.44238633120587	0.9916310000000002	DYN_0036_D14_Qiagen.fastq	DYN_0036_D14	ont_qiagen	sylph	unified	sylph_unified
838	838	Prevotella	Prevotella	genus	0.0151	abund	0.0151	0.0095	0.01522743843223941	0.9916310000000002	DYN_0036_D14_Qiagen.fastq	DYN_0036_D14	ont_qiagen	sylph	unified	sylph_unified
848	848	Fusobacterium	Fusobacterium	genus	1.6165	abund	1.6165	0.8016	1.6301426639546361	0.9916310000000002	DYN_0036_D14_Qiagen.fastq	DYN_0036_D14	ont_qiagen	sylph	unified	sylph_unified
970	970	Selenomonas	Selenomonas	genus	0.0803	abund	0.0803	0.0446	0.08097770239131288	0.9916310000000002	DYN_0036_D14_Qiagen.fastq	DYN_0036_D14	ont_qiagen	sylph	unified	sylph_unified
1301	1301	Streptococcus	Streptococcus	genus	0.5305	abund	0.5305	0.2177	0.5349772243909275	0.9916310000000002	DYN_0036_D14_Qiagen.fastq	DYN_0036_D14	ont_qiagen	sylph	unified	sylph_unified
1350	1350	Enterococcus	Enterococcus	genus	3.4685	abund	3.4685	2.2736	3.497772861074331	0.9916310000000002	DYN_0036_D14_Qiagen.fastq	DYN_0036_D14	ont_qiagen	sylph	unified	sylph_unified
1378	1378	Gemella	Gemella	genus	0.0092	abund	0.0092	0.0035	0.009277644607722024	0.9916310000000002	DYN_0036_D14_Qiagen.fastq	DYN_0036_D14	ont_qiagen	sylph	unified	sylph_unified
1386	1386	Bacillus	Bacillus	genus	0.0151	abund	0.0151	0.0136	0.01522743843223941	0.9916310000000002	DYN_0036_D14_Qiagen.fastq	DYN_0036_D14	ont_qiagen	sylph	unified	sylph_unified
1485	1485	Clostridium	Clostridium	genus	0.1435	abund	0.1435	0.1244	0.1447110870878381	0.9916310000000002	DYN_0036_D14_Qiagen.fastq	DYN_0036_D14	ont_qiagen	sylph	unified	sylph_unified
1578	1578	Lactobacillus	Lactobacillus	genus	0.0674	abund	0.0674	0.0311	0.06796883114787657	0.9916310000000002	DYN_0036_D14_Qiagen.fastq	DYN_0036_D14	ont_qiagen	sylph	unified	sylph_unified
1637	1637	Listeria	Listeria	genus	0.0088	abund	0.0088	0.0056	0.008874268755212371	0.9916310000000002	DYN_0036_D14_Qiagen.fastq	DYN_0036_D14	ont_qiagen	sylph	unified	sylph_unified
1654	1654	Actinomyces	Actinomyces	genus	0.1329	abund	0.1329	0.0715	0.13402162699633227	0.9916310000000002	DYN_0036_D14_Qiagen.fastq	DYN_0036_D14	ont_qiagen	sylph	unified	sylph_unified
1678	1678	Bifidobacterium	Bifidobacterium	genus	4.6942	abund	4.6942	2.2485	4.733817317127036	0.9916310000000002	DYN_0036_D14_Qiagen.fastq	DYN_0036_D14	ont_qiagen	sylph	unified	sylph_unified
1716	1716	Corynebacterium	Corynebacterium	genus	0.2142	abund	0.2142	0.0925	0.21600776901891933	0.9916310000000002	DYN_0036_D14_Qiagen.fastq	DYN_0036_D14	ont_qiagen	sylph	unified	sylph_unified
2717	2717	Cardiobacterium	Cardiobacterium	genus	0.015	abund	0.015	0.0085	0.015126594469111996	0.9916310000000002	DYN_0036_D14_Qiagen.fastq	DYN_0036_D14	ont_qiagen	sylph	unified	sylph_unified
29465	29465	Veillonella	Veillonella	genus	2.4004	abund	2.4004	1.0994	2.420658490910429	0.9916310000000002	DYN_0036_D14_Qiagen.fastq	DYN_0036_D14	ont_qiagen	sylph	unified	sylph_unified
32207	32207	Rothia	Rothia	genus	0.0296	abund	0.0296	0.0145999999999999	0.029849813085714338	0.9916310000000002	DYN_0036_D14_Qiagen.fastq	DYN_0036_D14	ont_qiagen	sylph	unified	sylph_unified
84111	84111	Eggerthella	Eggerthella	genus	0.004	abund	0.004	0.003	0.004033758525096532	0.9916310000000002	DYN_0036_D14_Qiagen.fastq	DYN_0036_D14	ont_qiagen	sylph	unified	sylph_unified
84162	84162	Cryptobacterium	Cryptobacterium	genus	0.0199	abund	0.0199	0.0069	0.02006794866235525	0.9916310000000002	DYN_0036_D14_Qiagen.fastq	DYN_0036_D14	ont_qiagen	sylph	unified	sylph_unified
86331	86331	Mogibacterium	Mogibacterium	genus	0.2728	abund	0.2728	0.1052	0.27510233141158347	0.9916310000000002	DYN_0036_D14_Qiagen.fastq	DYN_0036_D14	ont_qiagen	sylph	unified	sylph_unified
123375	123375	Solobacterium	Solobacterium	genus	0.0202	abund	0.0202	0.0112	0.02037048055173749	0.9916310000000002	DYN_0036_D14_Qiagen.fastq	DYN_0036_D14	ont_qiagen	sylph	unified	sylph_unified
133925	133925	Olsenella	Olsenella	genus	0.1702	abund	0.1702	0.0742	0.17163642524285744	0.9916310000000002	DYN_0036_D14_Qiagen.fastq	DYN_0036_D14	ont_qiagen	sylph	unified	sylph_unified
216851	216851	Faecalibacterium	Faecalibacterium	genus	0.0267	abund	0.0267	0.0166	0.02692533815501935	0.9916310000000002	DYN_0036_D14_Qiagen.fastq	DYN_0036_D14	ont_qiagen	sylph	unified	sylph_unified
239759	239759	Alistipes	Alistipes	genus	0.0409999999999999	abund	0.0409999999999999	0.0312	0.04134602488223935	0.9916310000000002	DYN_0036_D14_Qiagen.fastq	DYN_0036_D14	ont_qiagen	sylph	unified	sylph_unified
239934	239934	Akkermansia	Akkermansia	genus	0.0259	abund	0.0259	0.0168	0.026118586450000047	0.9916310000000002	DYN_0036_D14_Qiagen.fastq	DYN_0036_D14	ont_qiagen	sylph	unified	sylph_unified
375288	375288	Parabacteroides	Parabacteroides	genus	0.0736	abund	0.0736	0.0755	0.07422115686177619	0.9916310000000002	DYN_0036_D14_Qiagen.fastq	DYN_0036_D14	ont_qiagen	sylph	unified	sylph_unified
447792	447792	Phytobacter	Phytobacter	genus	0.0194	abund	0.0194	0.0256	0.01956372884671818	0.9916310000000002	DYN_0036_D14_Qiagen.fastq	DYN_0036_D14	ont_qiagen	sylph	unified	sylph_unified
698776	698776	Cellulosilyticum	Cellulosilyticum	genus	0.2378	abund	0.2378	0.2381	0.23980694431698885	0.9916310000000002	DYN_0036_D14_Qiagen.fastq	DYN_0036_D14	ont_qiagen	sylph	unified	sylph_unified
909656	909656	Phocaeicola	Phocaeicola	genus	0.0363	abund	0.0363	0.0408	0.03660635861525103	0.9916310000000002	DYN_0036_D14_Qiagen.fastq	DYN_0036_D14	ont_qiagen	sylph	unified	sylph_unified
1392389	1392389	Intestinimonas	Intestinimonas	genus	1.4504	abund	1.4504	0.9795	1.4626408412000025	0.9916310000000002	DYN_0036_D14_Qiagen.fastq	DYN_0036_D14	ont_qiagen	sylph	unified	sylph_unified
1505657	1505657	Intestinibacter	Intestinibacter	genus	2.3977	abund	2.3977	1.5313	2.4179357039059886	0.9916310000000002	DYN_0036_D14_Qiagen.fastq	DYN_0036_D14	ont_qiagen	sylph	unified	sylph_unified
1623303	1623303	Brussowvirus	Brussowvirus	genus	1.6283	abund	1.6283	0.0123	1.642042251603671	0.9916310000000002	DYN_0036_D14_Qiagen.fastq	DYN_0036_D14	ont_qiagen	sylph	unified	sylph_unified
2316020	2316020	Mediterraneibacter	Mediterraneibacter	genus	10.2911	abund	10.2911	7.2225	10.377953089405231	0.9916310000000002	DYN_0036_D14_Qiagen.fastq	DYN_0036_D14	ont_qiagen	sylph	unified	sylph_unified
2529408	2529408	Schaalia	Schaalia	genus	0.0907	abund	0.0907	0.0468	0.09146547455656387	0.9916310000000002	DYN_0036_D14_Qiagen.fastq	DYN_0036_D14	ont_qiagen	sylph	unified	sylph_unified
2692113	2692113	Gleimia	Gleimia	genus	0.031	abund	0.031	0.0137	0.03126162856949813	0.9916310000000002	DYN_0036_D14_Qiagen.fastq	DYN_0036_D14	ont_qiagen	sylph	unified	sylph_unified
2759736	2759736	Lacticaseibacillus	Lacticaseibacillus	genus	0.1212	abund	0.1212	0.0772	0.12222288331042494	0.9916310000000002	DYN_0036_D14_Qiagen.fastq	DYN_0036_D14	ont_qiagen	sylph	unified	sylph_unified
2767353	2767353	Lancefieldella	Lancefieldella	genus	0.5092	abund	0.5092	0.167	0.5134974602447886	0.9916310000000002	DYN_0036_D14_Qiagen.fastq	DYN_0036_D14	ont_qiagen	sylph	unified	sylph_unified
2888809	2888809	Novisyntrophococcus	Novisyntrophococcus	genus	0.4155	abund	0.4155	0.3019	0.41900666679440224	0.9916310000000002	DYN_0036_D14_Qiagen.fastq	DYN_0036_D14	ont_qiagen	sylph	unified	sylph_unified
194	194	Campylobacter	Campylobacter	genus	0.4462	abund	0.4462	0.1862	0.4484990059042652	0.994874	DYN_0036_D16_Qiagen.fastq	DYN_0036_D16	ont_qiagen	sylph	unified	sylph_unified
286	286	Pseudomonas	Pseudomonas	genus	0.0138	abund	0.0138	0.0199	0.013871103275389644	0.994874	DYN_0036_D16_Qiagen.fastq	DYN_0036_D16	ont_qiagen	sylph	unified	sylph_unified
544	544	Citrobacter	Citrobacter	genus	3.2629	abund	3.2629	3.3094	3.2797118027006436	0.994874	DYN_0036_D16_Qiagen.fastq	DYN_0036_D16	ont_qiagen	sylph	unified	sylph_unified
547	547	Enterobacter	Enterobacter	genus	0.0871	abund	0.0871	0.094	0.08754877502075638	0.994874	DYN_0036_D16_Qiagen.fastq	DYN_0036_D16	ont_qiagen	sylph	unified	sylph_unified
561	561	Escherichia	Escherichia	genus	0.0307	abund	0.0307	0.0308	0.030858179025685665	0.994874	DYN_0036_D16_Qiagen.fastq	DYN_0036_D16	ont_qiagen	sylph	unified	sylph_unified
570	570	Klebsiella	Klebsiella	genus	20.7695	abund	20.7695	22.5496	20.87651300566705	0.994874	DYN_0036_D16_Qiagen.fastq	DYN_0036_D16	ont_qiagen	sylph	unified	sylph_unified
581	581	Morganella	Morganella	genus	0.5004	abund	0.5004	0.4189	0.5029782665945636	0.994874	DYN_0036_D16_Qiagen.fastq	DYN_0036_D16	ont_qiagen	sylph	unified	sylph_unified
590	590	Salmonella	Salmonella	genus	0.0336	abund	0.0336	0.0341	0.033773121018340006	0.994874	DYN_0036_D16_Qiagen.fastq	DYN_0036_D16	ont_qiagen	sylph	unified	sylph_unified
724	724	Haemophilus	Haemophilus	genus	0.0561	abund	0.0561	0.0246	0.056389050271692685	0.994874	DYN_0036_D16_Qiagen.fastq	DYN_0036_D16	ont_qiagen	sylph	unified	sylph_unified
816	816	Bacteroides	Bacteroides	genus	41.29370000000001	abund	41.29370000000001	52.7611	41.50646212485199	0.994874	DYN_0036_D16_Qiagen.fastq	DYN_0036_D16	ont_qiagen	sylph	unified	sylph_unified
838	838	Prevotella	Prevotella	genus	0.0327	abund	0.0327	0.0204	0.0328684838482059	0.994874	DYN_0036_D16_Qiagen.fastq	DYN_0036_D16	ont_qiagen	sylph	unified	sylph_unified
848	848	Fusobacterium	Fusobacterium	genus	1.8693	abund	1.8693	0.9242	1.878931402368541	0.994874	DYN_0036_D16_Qiagen.fastq	DYN_0036_D16	ont_qiagen	sylph	unified	sylph_unified
970	970	Selenomonas	Selenomonas	genus	0.1163	abund	0.1163	0.0644	0.11689922542955188	0.994874	DYN_0036_D16_Qiagen.fastq	DYN_0036_D16	ont_qiagen	sylph	unified	sylph_unified
1301	1301	Streptococcus	Streptococcus	genus	0.2415	abund	0.2415	0.1035	0.2427443073193188	0.994874	DYN_0036_D16_Qiagen.fastq	DYN_0036_D16	ont_qiagen	sylph	unified	sylph_unified
1350	1350	Enterococcus	Enterococcus	genus	4.474099999999999	abund	4.474099999999999	2.9005	4.497152403218899	0.994874	DYN_0036_D16_Qiagen.fastq	DYN_0036_D16	ont_qiagen	sylph	unified	sylph_unified
1386	1386	Bacillus	Bacillus	genus	0.0154	abund	0.0154	0.0137	0.015479347133405838	0.994874	DYN_0036_D16_Qiagen.fastq	DYN_0036_D16	ont_qiagen	sylph	unified	sylph_unified
1485	1485	Clostridium	Clostridium	genus	0.1941	abund	0.1941	0.1675	0.19510008302558915	0.994874	DYN_0036_D16_Qiagen.fastq	DYN_0036_D16	ont_qiagen	sylph	unified	sylph_unified
1654	1654	Actinomyces	Actinomyces	genus	0.1235	abund	0.1235	0.0663	0.12413632279062473	0.994874	DYN_0036_D16_Qiagen.fastq	DYN_0036_D16	ont_qiagen	sylph	unified	sylph_unified
1678	1678	Bifidobacterium	Bifidobacterium	genus	6.1319	abund	6.1319	2.9268	6.163494070605925	0.994874	DYN_0036_D16_Qiagen.fastq	DYN_0036_D16	ont_qiagen	sylph	unified	sylph_unified
1716	1716	Corynebacterium	Corynebacterium	genus	0.1715	abund	0.1715	0.0738	0.17238363853111047	0.994874	DYN_0036_D16_Qiagen.fastq	DYN_0036_D16	ont_qiagen	sylph	unified	sylph_unified
29465	29465	Veillonella	Veillonella	genus	2.1230999999999995	abund	2.1230999999999995	0.9691	2.134039084346359	0.994874	DYN_0036_D16_Qiagen.fastq	DYN_0036_D16	ont_qiagen	sylph	unified	sylph_unified
32207	32207	Rothia	Rothia	genus	0.0317999999999999	abund	0.0317999999999999	0.016	0.03196384667807169	0.994874	DYN_0036_D16_Qiagen.fastq	DYN_0036_D16	ont_qiagen	sylph	unified	sylph_unified
84162	84162	Cryptobacterium	Cryptobacterium	genus	0.0374	abund	0.0374	0.0128	0.037592700181128466	0.994874	DYN_0036_D16_Qiagen.fastq	DYN_0036_D16	ont_qiagen	sylph	unified	sylph_unified
86331	86331	Mogibacterium	Mogibacterium	genus	0.3044	abund	0.3044	0.117	0.3059683939875803	0.994874	DYN_0036_D16_Qiagen.fastq	DYN_0036_D16	ont_qiagen	sylph	unified	sylph_unified
133925	133925	Olsenella	Olsenella	genus	0.3784	abund	0.3784	0.1644	0.3803496724208292	0.994874	DYN_0036_D16_Qiagen.fastq	DYN_0036_D16	ont_qiagen	sylph	unified	sylph_unified
216851	216851	Faecalibacterium	Faecalibacterium	genus	0.0172	abund	0.0172	0.0106	0.017288621473674052	0.994874	DYN_0036_D16_Qiagen.fastq	DYN_0036_D16	ont_qiagen	sylph	unified	sylph_unified
239759	239759	Alistipes	Alistipes	genus	0.0271	abund	0.0271	0.0207	0.027239630345149233	0.994874	DYN_0036_D16_Qiagen.fastq	DYN_0036_D16	ont_qiagen	sylph	unified	sylph_unified
239934	239934	Akkermansia	Akkermansia	genus	0.0194	abund	0.0194	0.0126	0.019499956778446313	0.994874	DYN_0036_D16_Qiagen.fastq	DYN_0036_D16	ont_qiagen	sylph	unified	sylph_unified
375288	375288	Parabacteroides	Parabacteroides	genus	0.0593	abund	0.0593	0.062	0.05960553798772507	0.994874	DYN_0036_D16_Qiagen.fastq	DYN_0036_D16	ont_qiagen	sylph	unified	sylph_unified
447792	447792	Phytobacter	Phytobacter	genus	0.0131	abund	0.0131	0.0168	0.013167496587507562	0.994874	DYN_0036_D16_Qiagen.fastq	DYN_0036_D16	ont_qiagen	sylph	unified	sylph_unified
909656	909656	Phocaeicola	Phocaeicola	genus	2.0256	abund	2.0256	2.2757	2.0360367242484974	0.994874	DYN_0036_D16_Qiagen.fastq	DYN_0036_D16	ont_qiagen	sylph	unified	sylph_unified
1392389	1392389	Intestinimonas	Intestinimonas	genus	2.2968	abund	2.2968	1.5457	2.308634058182242	0.994874	DYN_0036_D16_Qiagen.fastq	DYN_0036_D16	ont_qiagen	sylph	unified	sylph_unified
1505657	1505657	Intestinibacter	Intestinibacter	genus	1.4013	abund	1.4013	0.8918	1.408520073898805	0.994874	DYN_0036_D16_Qiagen.fastq	DYN_0036_D16	ont_qiagen	sylph	unified	sylph_unified
1623303	1623303	Brussowvirus	Brussowvirus	genus	0.3607	abund	0.3607	0.0027	0.362558474741525	0.994874	DYN_0036_D16_Qiagen.fastq	DYN_0036_D16	ont_qiagen	sylph	unified	sylph_unified
2316020	2316020	Mediterraneibacter	Mediterraneibacter	genus	9.1192	abund	9.1192	6.3776	9.166185868763279	0.994874	DYN_0036_D16_Qiagen.fastq	DYN_0036_D16	ont_qiagen	sylph	unified	sylph_unified
2529408	2529408	Schaalia	Schaalia	genus	0.3106	abund	0.3106	0.1598	0.312200338937393	0.994874	DYN_0036_D16_Qiagen.fastq	DYN_0036_D16	ont_qiagen	sylph	unified	sylph_unified
2692113	2692113	Gleimia	Gleimia	genus	0.0755	abund	0.0755	0.0332	0.075889007050139	0.994874	DYN_0036_D16_Qiagen.fastq	DYN_0036_D16	ont_qiagen	sylph	unified	sylph_unified
2742598	2742598	Limosilactobacillus	Limosilactobacillus	genus	0.0089	abund	0.0089	0.004	0.008945856460215063	0.994874	DYN_0036_D16_Qiagen.fastq	DYN_0036_D16	ont_qiagen	sylph	unified	sylph_unified
2759736	2759736	Lacticaseibacillus	Lacticaseibacillus	genus	0.0250999999999999	abund	0.0250999999999999	0.0157	0.025229325522628895	0.994874	DYN_0036_D16_Qiagen.fastq	DYN_0036_D16	ont_qiagen	sylph	unified	sylph_unified
2767353	2767353	Lancefieldella	Lancefieldella	genus	0.2986	abund	0.2986	0.0976	0.3001385100022716	0.994874	DYN_0036_D16_Qiagen.fastq	DYN_0036_D16	ont_qiagen	sylph	unified	sylph_unified
2888809	2888809	Novisyntrophococcus	Novisyntrophococcus	genus	0.6896	abund	0.6896	0.4993	0.6931531028049782	0.994874	DYN_0036_D16_Qiagen.fastq	DYN_0036_D16	ont_qiagen	sylph	unified	sylph_unified
